2009-01-03 00:00:00,1
2009-01-04 00:00:00,1
2009-01-05 00:00:00,0
2009-01-06 00:00:00,0
2009-01-07 00:00:00,0
2009-01-08 00:00:00,0
2009-01-09 00:00:00,14
2009-01-10 00:00:00,14
2009-01-11 00:00:00,106
2009-01-12 00:00:00,106
2009-01-13 00:00:00,116
2009-01-14 00:00:00,116
2009-01-15 00:00:00,136
2009-01-16 00:00:00,136
2009-01-17 00:00:00,109
2009-01-18 00:00:00,109
2009-01-19 00:00:00,120
2009-01-20 00:00:00,120
2009-01-21 00:00:00,115
2009-01-22 00:00:00,115
2009-01-23 00:00:00,68
2009-01-24 00:00:00,68
2009-01-25 00:00:00,195
2009-01-26 00:00:00,195
2009-01-27 00:00:00,105
2009-01-28 00:00:00,105
2009-01-29 00:00:00,122
2009-01-30 00:00:00,122
2009-01-31 00:00:00,129
2009-02-01 00:00:00,129
2009-02-02 00:00:00,127
2009-02-03 00:00:00,127
2009-02-04 00:00:00,126
2009-02-05 00:00:00,126
2009-02-06 00:00:00,129
2009-02-07 00:00:00,129
2009-02-08 00:00:00,135
2009-02-09 00:00:00,135
2009-02-10 00:00:00,127
2009-02-11 00:00:00,127
2009-02-12 00:00:00,119
2009-02-13 00:00:00,119
2009-02-14 00:00:00,141
2009-02-15 00:00:00,141
2009-02-16 00:00:00,123
2009-02-17 00:00:00,123
2009-02-18 00:00:00,124
2009-02-19 00:00:00,124
2009-02-20 00:00:00,129
2009-02-21 00:00:00,129
2009-02-22 00:00:00,125
2009-02-23 00:00:00,125
2009-02-24 00:00:00,111
2009-02-25 00:00:00,111
2009-02-26 00:00:00,96
2009-02-27 00:00:00,96
2009-02-28 00:00:00,103
2009-03-01 00:00:00,103
2009-03-02 00:00:00,104
2009-03-03 00:00:00,104
2009-03-04 00:00:00,106
2009-03-05 00:00:00,106
2009-03-06 00:00:00,119
2009-03-07 00:00:00,119
2009-03-08 00:00:00,115
2009-03-09 00:00:00,115
2009-03-10 00:00:00,105
2009-03-11 00:00:00,105
2009-03-12 00:00:00,119
2009-03-13 00:00:00,119
2009-03-14 00:00:00,116
2009-03-15 00:00:00,116
2009-03-16 00:00:00,131
2009-03-17 00:00:00,131
2009-03-18 00:00:00,110
2009-03-19 00:00:00,110
2009-03-20 00:00:00,119
2009-03-21 00:00:00,119
2009-03-22 00:00:00,97
2009-03-23 00:00:00,97
2009-03-24 00:00:00,105
2009-03-25 00:00:00,105
2009-03-26 00:00:00,114
2009-03-27 00:00:00,114
2009-03-28 00:00:00,122
2009-03-29 00:00:00,122
2009-03-30 00:00:00,125
2009-03-31 00:00:00,125
2009-04-01 00:00:00,107
2009-04-02 00:00:00,107
2009-04-03 00:00:00,113
2009-04-04 00:00:00,113
2009-04-05 00:00:00,129
2009-04-06 00:00:00,129
2009-04-07 00:00:00,99
2009-04-08 00:00:00,99
2009-04-09 00:00:00,99
2009-04-10 00:00:00,99
2009-04-11 00:00:00,123
2009-04-12 00:00:00,123
2009-04-13 00:00:00,118
2009-04-14 00:00:00,118
2009-04-15 00:00:00,112
2009-04-16 00:00:00,112
2009-04-17 00:00:00,115
2009-04-18 00:00:00,115
2009-04-19 00:00:00,121
2009-04-20 00:00:00,121
2009-04-21 00:00:00,125
2009-04-22 00:00:00,125
2009-04-23 00:00:00,80
2009-04-24 00:00:00,80
2009-04-25 00:00:00,122
2009-04-26 00:00:00,122
2009-04-27 00:00:00,105
2009-04-28 00:00:00,105
2009-04-29 00:00:00,123
2009-04-30 00:00:00,123
2009-05-01 00:00:00,123
2009-05-02 00:00:00,123
2009-05-03 00:00:00,115
2009-05-04 00:00:00,115
2009-05-05 00:00:00,133
2009-05-06 00:00:00,133
2009-05-07 00:00:00,121
2009-05-08 00:00:00,121
2009-05-09 00:00:00,91
2009-05-10 00:00:00,91
2009-05-11 00:00:00,120
2009-05-12 00:00:00,120
2009-05-13 00:00:00,117
2009-05-14 00:00:00,117
2009-05-15 00:00:00,145
2009-05-16 00:00:00,145
2009-05-17 00:00:00,125
2009-05-18 00:00:00,125
2009-05-19 00:00:00,100
2009-05-20 00:00:00,100
2009-05-21 00:00:00,89
2009-05-22 00:00:00,89
2009-05-23 00:00:00,7
2009-05-24 00:00:00,7
2009-05-25 00:00:00,112
2009-05-26 00:00:00,112
2009-05-27 00:00:00,125
2009-05-28 00:00:00,125
2009-05-29 00:00:00,108
2009-05-30 00:00:00,108
2009-05-31 00:00:00,118
2009-06-01 00:00:00,118
2009-06-02 00:00:00,89
2009-06-03 00:00:00,89
2009-06-04 00:00:00,39
2009-06-05 00:00:00,39
2009-06-06 00:00:00,24
2009-06-07 00:00:00,24
2009-06-08 00:00:00,72
2009-06-09 00:00:00,72
2009-06-10 00:00:00,83
2009-06-11 00:00:00,83
2009-06-12 00:00:00,91
2009-06-13 00:00:00,91
2009-06-14 00:00:00,70
2009-06-15 00:00:00,70
2009-06-16 00:00:00,73
2009-06-17 00:00:00,73
2009-06-18 00:00:00,81
2009-06-19 00:00:00,81
2009-06-20 00:00:00,84
2009-06-21 00:00:00,84
2009-06-22 00:00:00,81
2009-06-23 00:00:00,81
2009-06-24 00:00:00,87
2009-06-25 00:00:00,87
2009-06-26 00:00:00,90
2009-06-27 00:00:00,90
2009-06-28 00:00:00,52
2009-06-29 00:00:00,52
2009-06-30 00:00:00,89
2009-07-01 00:00:00,89
2009-07-02 00:00:00,72
2009-07-03 00:00:00,72
2009-07-04 00:00:00,89
2009-07-05 00:00:00,89
2009-07-06 00:00:00,91
2009-07-07 00:00:00,91
2009-07-08 00:00:00,79
2009-07-09 00:00:00,79
2009-07-10 00:00:00,82
2009-07-11 00:00:00,82
2009-07-12 00:00:00,76
2009-07-13 00:00:00,76
2009-07-14 00:00:00,72
2009-07-15 00:00:00,72
2009-07-16 00:00:00,69
2009-07-17 00:00:00,69
2009-07-18 00:00:00,3
2009-07-19 00:00:00,3
2009-07-20 00:00:00,75
2009-07-21 00:00:00,75
2009-07-22 00:00:00,69
2009-07-23 00:00:00,69
2009-07-24 00:00:00,75
2009-07-25 00:00:00,75
2009-07-26 00:00:00,13
2009-07-27 00:00:00,13
2009-07-28 00:00:00,44
2009-07-29 00:00:00,44
2009-07-30 00:00:00,16
2009-07-31 00:00:00,16
2009-08-01 00:00:00,23
2009-08-02 00:00:00,23
2009-08-03 00:00:00,15
2009-08-04 00:00:00,15
2009-08-05 00:00:00,91
2009-08-06 00:00:00,91
2009-08-07 00:00:00,74
2009-08-08 00:00:00,74
2009-08-09 00:00:00,98
2009-08-10 00:00:00,98
2009-08-11 00:00:00,67
2009-08-12 00:00:00,67
2009-08-13 00:00:00,81
2009-08-14 00:00:00,81
2009-08-15 00:00:00,34
2009-08-16 00:00:00,34
2009-08-17 00:00:00,17
2009-08-18 00:00:00,17
2009-08-19 00:00:00,15
2009-08-20 00:00:00,15
2009-08-21 00:00:00,16
2009-08-22 00:00:00,16
2009-08-23 00:00:00,12
2009-08-24 00:00:00,12
2009-08-25 00:00:00,55
2009-08-26 00:00:00,55
2009-08-27 00:00:00,33
2009-08-28 00:00:00,33
2009-08-29 00:00:00,83
2009-08-30 00:00:00,83
2009-08-31 00:00:00,95
2009-09-01 00:00:00,95
2009-09-02 00:00:00,68
2009-09-03 00:00:00,68
2009-09-04 00:00:00,63
2009-09-05 00:00:00,63
2009-09-06 00:00:00,72
2009-09-07 00:00:00,72
2009-09-08 00:00:00,66
2009-09-09 00:00:00,66
2009-09-10 00:00:00,61
2009-09-11 00:00:00,61
2009-09-12 00:00:00,71
2009-09-13 00:00:00,71
2009-09-14 00:00:00,81
2009-09-15 00:00:00,81
2009-09-16 00:00:00,59
2009-09-17 00:00:00,59
2009-09-18 00:00:00,81
2009-09-19 00:00:00,81
2009-09-20 00:00:00,79
2009-09-21 00:00:00,79
2009-09-22 00:00:00,35
2009-09-23 00:00:00,35
2009-09-24 00:00:00,82
2009-09-25 00:00:00,82
2009-09-26 00:00:00,94
2009-09-27 00:00:00,94
2009-09-28 00:00:00,88
2009-09-29 00:00:00,88
2009-09-30 00:00:00,87
2009-10-01 00:00:00,87
2009-10-02 00:00:00,76
2009-10-03 00:00:00,76
2009-10-04 00:00:00,61
2009-10-05 00:00:00,61
2009-10-06 00:00:00,43
2009-10-07 00:00:00,43
2009-10-08 00:00:00,70
2009-10-09 00:00:00,70
2009-10-10 00:00:00,77
2009-10-11 00:00:00,77
2009-10-12 00:00:00,63
2009-10-13 00:00:00,63
2009-10-14 00:00:00,56
2009-10-15 00:00:00,56
2009-10-16 00:00:00,66
2009-10-17 00:00:00,66
2009-10-18 00:00:00,65
2009-10-19 00:00:00,65
2009-10-20 00:00:00,111
2009-10-21 00:00:00,111
2009-10-22 00:00:00,88
2009-10-23 00:00:00,88
2009-10-24 00:00:00,75
2009-10-25 00:00:00,75
2009-10-26 00:00:00,65
2009-10-27 00:00:00,65
2009-10-28 00:00:00,64
2009-10-29 00:00:00,64
2009-10-30 00:00:00,62
2009-10-31 00:00:00,62
2009-11-01 00:00:00,30
2009-11-02 00:00:00,30
2009-11-03 00:00:00,57
2009-11-04 00:00:00,57
2009-11-05 00:00:00,65
2009-11-06 00:00:00,65
2009-11-07 00:00:00,76
2009-11-08 00:00:00,76
2009-11-09 00:00:00,65
2009-11-10 00:00:00,65
2009-11-11 00:00:00,78
2009-11-12 00:00:00,78
2009-11-13 00:00:00,73
2009-11-14 00:00:00,73
2009-11-15 00:00:00,96
2009-11-16 00:00:00,96
2009-11-17 00:00:00,91
2009-11-18 00:00:00,91
2009-11-19 00:00:00,73
2009-11-20 00:00:00,73
2009-11-21 00:00:00,77
2009-11-22 00:00:00,77
2009-11-23 00:00:00,96
2009-11-24 00:00:00,96
2009-11-25 00:00:00,85
2009-11-26 00:00:00,85
2009-11-27 00:00:00,75
2009-11-28 00:00:00,75
2009-11-29 00:00:00,58
2009-11-30 00:00:00,58
2009-12-01 00:00:00,66
2009-12-02 00:00:00,66
2009-12-03 00:00:00,85
2009-12-04 00:00:00,85
2009-12-05 00:00:00,52
2009-12-06 00:00:00,52
2009-12-07 00:00:00,94
2009-12-08 00:00:00,94
2009-12-09 00:00:00,104
2009-12-10 00:00:00,104
2009-12-11 00:00:00,125
2009-12-12 00:00:00,125
2009-12-13 00:00:00,104
2009-12-14 00:00:00,104
2009-12-15 00:00:00,117
2009-12-16 00:00:00,117
2009-12-17 00:00:00,163
2009-12-18 00:00:00,163
2009-12-19 00:00:00,225
2009-12-20 00:00:00,225
2009-12-21 00:00:00,188
2009-12-22 00:00:00,188
2009-12-23 00:00:00,169
2009-12-24 00:00:00,169
2009-12-25 00:00:00,158
2009-12-26 00:00:00,158
2009-12-27 00:00:00,170
2009-12-28 00:00:00,170
2009-12-29 00:00:00,164
2009-12-30 00:00:00,164
2009-12-31 00:00:00,150
2010-01-01 00:00:00,150
2010-01-02 00:00:00,132
2010-01-03 00:00:00,132
2010-01-04 00:00:00,192
2010-01-05 00:00:00,192
2010-01-06 00:00:00,158
2010-01-07 00:00:00,158
2010-01-08 00:00:00,150
2010-01-09 00:00:00,150
2010-01-10 00:00:00,191
2010-01-11 00:00:00,191
2010-01-12 00:00:00,168
2010-01-13 00:00:00,168
2010-01-14 00:00:00,159
2010-01-15 00:00:00,159
2010-01-16 00:00:00,135
2010-01-17 00:00:00,135
2010-01-18 00:00:00,130
2010-01-19 00:00:00,130
2010-01-20 00:00:00,140
2010-01-21 00:00:00,140
2010-01-22 00:00:00,152
2010-01-23 00:00:00,152
2010-01-24 00:00:00,148
2010-01-25 00:00:00,148
2010-01-26 00:00:00,208
2010-01-27 00:00:00,208
2010-01-28 00:00:00,176
2010-01-29 00:00:00,176
2010-01-30 00:00:00,183
2010-01-31 00:00:00,183
2010-02-01 00:00:00,189
2010-02-02 00:00:00,189
2010-02-03 00:00:00,246
2010-02-04 00:00:00,246
2010-02-05 00:00:00,250
2010-02-06 00:00:00,250
2010-02-07 00:00:00,210
2010-02-08 00:00:00,210
2010-02-09 00:00:00,211
2010-02-10 00:00:00,211
2010-02-11 00:00:00,181
2010-02-12 00:00:00,181
2010-02-13 00:00:00,227
2010-02-14 00:00:00,227
2010-02-15 00:00:00,194
2010-02-16 00:00:00,194
2010-02-17 00:00:00,244
2010-02-18 00:00:00,244
2010-02-19 00:00:00,183
2010-02-20 00:00:00,183
2010-02-21 00:00:00,218
2010-02-22 00:00:00,218
2010-02-23 00:00:00,252
2010-02-24 00:00:00,252
2010-02-25 00:00:00,150
2010-02-26 00:00:00,150
2010-02-27 00:00:00,176
2010-02-28 00:00:00,176
2010-03-01 00:00:00,187
2010-03-02 00:00:00,187
2010-03-03 00:00:00,151
2010-03-04 00:00:00,151
2010-03-05 00:00:00,178
2010-03-06 00:00:00,178
2010-03-07 00:00:00,178
2010-03-08 00:00:00,178
2010-03-09 00:00:00,149
2010-03-10 00:00:00,149
2010-03-11 00:00:00,154
2010-03-12 00:00:00,154
2010-03-13 00:00:00,160
2010-03-14 00:00:00,160
2010-03-15 00:00:00,128
2010-03-16 00:00:00,128
2010-03-17 00:00:00,127
2010-03-18 00:00:00,127
2010-03-19 00:00:00,144
2010-03-20 00:00:00,144
2010-03-21 00:00:00,191
2010-03-22 00:00:00,191
2010-03-23 00:00:00,215
2010-03-24 00:00:00,215
2010-03-25 00:00:00,197
2010-03-26 00:00:00,197
2010-03-27 00:00:00,182
2010-03-28 00:00:00,182
2010-03-29 00:00:00,205
2010-03-30 00:00:00,205
2010-03-31 00:00:00,213
2010-04-01 00:00:00,213
2010-04-02 00:00:00,155
2010-04-03 00:00:00,155
2010-04-04 00:00:00,175
2010-04-05 00:00:00,175
2010-04-06 00:00:00,175
2010-04-07 00:00:00,175
2010-04-08 00:00:00,208
2010-04-09 00:00:00,208
2010-04-10 00:00:00,294
2010-04-11 00:00:00,294
2010-04-12 00:00:00,270
2010-04-13 00:00:00,270
2010-04-14 00:00:00,230
2010-04-15 00:00:00,230
2010-04-16 00:00:00,234
2010-04-17 00:00:00,234
2010-04-18 00:00:00,1337
2010-04-19 00:00:00,1337
2010-04-20 00:00:00,242
2010-04-21 00:00:00,242
2010-04-22 00:00:00,210
2010-04-23 00:00:00,210
2010-04-24 00:00:00,191
2010-04-25 00:00:00,191
2010-04-26 00:00:00,220
2010-04-27 00:00:00,220
2010-04-28 00:00:00,219
2010-04-29 00:00:00,219
2010-04-30 00:00:00,181
2010-05-01 00:00:00,181
2010-05-02 00:00:00,197
2010-05-03 00:00:00,197
2010-05-04 00:00:00,151
2010-05-05 00:00:00,151
2010-05-06 00:00:00,173
2010-05-07 00:00:00,173
2010-05-08 00:00:00,170
2010-05-09 00:00:00,170
2010-05-10 00:00:00,161
2010-05-11 00:00:00,161
2010-05-12 00:00:00,147
2010-05-13 00:00:00,147
2010-05-14 00:00:00,148
2010-05-15 00:00:00,148
2010-05-16 00:00:00,118
2010-05-17 00:00:00,118
2010-05-18 00:00:00,217
2010-05-19 00:00:00,217
2010-05-20 00:00:00,221
2010-05-21 00:00:00,221
2010-05-22 00:00:00,227
2010-05-23 00:00:00,227
2010-05-24 00:00:00,262
2010-05-25 00:00:00,262
2010-05-26 00:00:00,259
2010-05-27 00:00:00,259
2010-05-28 00:00:00,265
2010-05-29 00:00:00,265
2010-05-30 00:00:00,200
2010-05-31 00:00:00,200
2010-06-01 00:00:00,178
2010-06-02 00:00:00,178
2010-06-03 00:00:00,219
2010-06-04 00:00:00,219
2010-06-05 00:00:00,188
2010-06-06 00:00:00,188
2010-06-07 00:00:00,211
2010-06-08 00:00:00,211
2010-06-09 00:00:00,199
2010-06-10 00:00:00,199
2010-06-11 00:00:00,248
2010-06-12 00:00:00,248
2010-06-13 00:00:00,221
2010-06-14 00:00:00,221
2010-06-15 00:00:00,288
2010-06-16 00:00:00,288
2010-06-17 00:00:00,208
2010-06-18 00:00:00,208
2010-06-19 00:00:00,218
2010-06-20 00:00:00,218
2010-06-21 00:00:00,242
2010-06-22 00:00:00,242
2010-06-23 00:00:00,242
2010-06-24 00:00:00,242
2010-06-25 00:00:00,227
2010-06-26 00:00:00,227
2010-06-27 00:00:00,215
2010-06-28 00:00:00,215
2010-06-29 00:00:00,253
2010-06-30 00:00:00,253
2010-07-01 00:00:00,273
2010-07-02 00:00:00,273
2010-07-03 00:00:00,283
2010-07-04 00:00:00,283
2010-07-05 00:00:00,243
2010-07-06 00:00:00,243
2010-07-07 00:00:00,209
2010-07-08 00:00:00,209
2010-07-09 00:00:00,258
2010-07-10 00:00:00,258
2010-07-11 00:00:00,242
2010-07-12 00:00:00,242
2010-07-13 00:00:00,1739
2010-07-14 00:00:00,1739
2010-07-15 00:00:00,1793
2010-07-16 00:00:00,1793
2010-07-17 00:00:00,462
2010-07-18 00:00:00,462
2010-07-19 00:00:00,487
2010-07-20 00:00:00,487
2010-07-21 00:00:00,465
2010-07-22 00:00:00,465
2010-07-23 00:00:00,392
2010-07-24 00:00:00,392
2010-07-25 00:00:00,2337
2010-07-26 00:00:00,2337
2010-07-27 00:00:00,445
2010-07-28 00:00:00,445
2010-07-29 00:00:00,3455
2010-07-30 00:00:00,3455
2010-07-31 00:00:00,295
2010-08-01 00:00:00,295
2010-08-02 00:00:00,413
2010-08-03 00:00:00,413
2010-08-04 00:00:00,375
2010-08-05 00:00:00,375
2010-08-06 00:00:00,368
2010-08-07 00:00:00,368
2010-08-08 00:00:00,323
2010-08-09 00:00:00,323
2010-08-10 00:00:00,402
2010-08-11 00:00:00,402
2010-08-12 00:00:00,407
2010-08-13 00:00:00,407
2010-08-14 00:00:00,424
2010-08-15 00:00:00,424
2010-08-16 00:00:00,318
2010-08-17 00:00:00,318
2010-08-18 00:00:00,377
2010-08-19 00:00:00,377
2010-08-20 00:00:00,398
2010-08-21 00:00:00,398
2010-08-22 00:00:00,350
2010-08-23 00:00:00,350
2010-08-24 00:00:00,337
2010-08-25 00:00:00,337
2010-08-26 00:00:00,374
2010-08-27 00:00:00,374
2010-08-28 00:00:00,348
2010-08-29 00:00:00,348
2010-08-30 00:00:00,288
2010-08-31 00:00:00,288
2010-09-01 00:00:00,408
2010-09-02 00:00:00,408
2010-09-03 00:00:00,314
2010-09-04 00:00:00,314
2010-09-05 00:00:00,303
2010-09-06 00:00:00,303
2010-09-07 00:00:00,271
2010-09-08 00:00:00,271
2010-09-09 00:00:00,343
2010-09-10 00:00:00,343
2010-09-11 00:00:00,296
2010-09-12 00:00:00,296
2010-09-13 00:00:00,436
2010-09-14 00:00:00,436
2010-09-15 00:00:00,450
2010-09-16 00:00:00,450
2010-09-17 00:00:00,379
2010-09-18 00:00:00,379
2010-09-19 00:00:00,339
2010-09-20 00:00:00,339
2010-09-21 00:00:00,636
2010-09-22 00:00:00,636
2010-09-23 00:00:00,698
2010-09-24 00:00:00,698
2010-09-25 00:00:00,451
2010-09-26 00:00:00,451
2010-09-27 00:00:00,639
2010-09-28 00:00:00,639
2010-09-29 00:00:00,998
2010-09-30 00:00:00,998
2010-10-01 00:00:00,563
2010-10-02 00:00:00,563
2010-10-03 00:00:00,401
2010-10-04 00:00:00,401
2010-10-05 00:00:00,353
2010-10-06 00:00:00,353
2010-10-07 00:00:00,370
2010-10-08 00:00:00,370
2010-10-09 00:00:00,382
2010-10-10 00:00:00,382
2010-10-11 00:00:00,348
2010-10-12 00:00:00,348
2010-10-13 00:00:00,350
2010-10-14 00:00:00,350
2010-10-15 00:00:00,333
2010-10-16 00:00:00,333
2010-10-17 00:00:00,485
2010-10-18 00:00:00,485
2010-10-19 00:00:00,964
2010-10-20 00:00:00,964
2010-10-21 00:00:00,602
2010-10-22 00:00:00,602
2010-10-23 00:00:00,623
2010-10-24 00:00:00,623
2010-10-25 00:00:00,479
2010-10-26 00:00:00,479
2010-10-27 00:00:00,569
2010-10-28 00:00:00,569
2010-10-29 00:00:00,466
2010-10-30 00:00:00,466
2010-10-31 00:00:00,311
2010-11-01 00:00:00,311
2010-11-02 00:00:00,283
2010-11-03 00:00:00,283
2010-11-04 00:00:00,339
2010-11-05 00:00:00,339
2010-11-06 00:00:00,389
2010-11-07 00:00:00,389
2010-11-08 00:00:00,498
2010-11-09 00:00:00,498
2010-11-10 00:00:00,372
2010-11-11 00:00:00,372
2010-11-12 00:00:00,296
2010-11-13 00:00:00,296
2010-11-14 00:00:00,399
2010-11-15 00:00:00,399
2010-11-16 00:00:00,12087
2010-11-17 00:00:00,12087
2010-11-18 00:00:00,434
2010-11-19 00:00:00,434
2010-11-20 00:00:00,12322
2010-11-21 00:00:00,12322
2010-11-22 00:00:00,395
2010-11-23 00:00:00,395
2010-11-24 00:00:00,2749
2010-11-25 00:00:00,2749
2010-11-26 00:00:00,1542
2010-11-27 00:00:00,1542
2010-11-28 00:00:00,457
2010-11-29 00:00:00,457
2010-11-30 00:00:00,455
2010-12-01 00:00:00,455
2010-12-02 00:00:00,472
2010-12-03 00:00:00,472
2010-12-04 00:00:00,402
2010-12-05 00:00:00,402
2010-12-06 00:00:00,447
2010-12-07 00:00:00,447
2010-12-08 00:00:00,537
2010-12-09 00:00:00,537
2010-12-10 00:00:00,382
2010-12-11 00:00:00,382
2010-12-12 00:00:00,564
2010-12-13 00:00:00,564
2010-12-14 00:00:00,683
2010-12-15 00:00:00,683
2010-12-16 00:00:00,523
2010-12-17 00:00:00,523
2010-12-18 00:00:00,466
2010-12-19 00:00:00,466
2010-12-20 00:00:00,934
2010-12-21 00:00:00,934
2010-12-22 00:00:00,634
2010-12-23 00:00:00,634
2010-12-24 00:00:00,578
2010-12-25 00:00:00,578
2010-12-26 00:00:00,650
2010-12-27 00:00:00,650
2010-12-28 00:00:00,584
2010-12-29 00:00:00,584
2010-12-30 00:00:00,542
2010-12-31 00:00:00,542
2011-01-01 00:00:00,594
2011-01-02 00:00:00,594
2011-01-03 00:00:00,853
2011-01-04 00:00:00,853
2011-01-05 00:00:00,1192
2011-01-06 00:00:00,1192
2011-01-07 00:00:00,880
2011-01-08 00:00:00,880
2011-01-09 00:00:00,1193
2011-01-10 00:00:00,1193
2011-01-11 00:00:00,1262
2011-01-12 00:00:00,1262
2011-01-13 00:00:00,1271
2011-01-14 00:00:00,1271
2011-01-15 00:00:00,932
2011-01-16 00:00:00,932
2011-01-17 00:00:00,816
2011-01-18 00:00:00,816
2011-01-19 00:00:00,967
2011-01-20 00:00:00,967
2011-01-21 00:00:00,1047
2011-01-22 00:00:00,1047
2011-01-23 00:00:00,1073
2011-01-24 00:00:00,1073
2011-01-25 00:00:00,965
2011-01-26 00:00:00,965
2011-01-27 00:00:00,900
2011-01-28 00:00:00,900
2011-01-29 00:00:00,1290
2011-01-30 00:00:00,1290
2011-01-31 00:00:00,1815
2011-02-01 00:00:00,1815
2011-02-02 00:00:00,1004
2011-02-03 00:00:00,1004
2011-02-04 00:00:00,918
2011-02-05 00:00:00,918
2011-02-06 00:00:00,857
2011-02-07 00:00:00,857
2011-02-08 00:00:00,842
2011-02-09 00:00:00,842
2011-02-10 00:00:00,1866
2011-02-11 00:00:00,1866
2011-02-12 00:00:00,1903
2011-02-13 00:00:00,1903
2011-02-14 00:00:00,1978
2011-02-15 00:00:00,1978
2011-02-16 00:00:00,2062
2011-02-17 00:00:00,2062
2011-02-18 00:00:00,2086
2011-02-19 00:00:00,2086
2011-02-20 00:00:00,1698
2011-02-21 00:00:00,1698
2011-02-22 00:00:00,2152
2011-02-23 00:00:00,2152
2011-02-24 00:00:00,1957
2011-02-25 00:00:00,1957
2011-02-26 00:00:00,1964
2011-02-27 00:00:00,1964
2011-02-28 00:00:00,1932
2011-03-01 00:00:00,1932
2011-03-02 00:00:00,2974
2011-03-03 00:00:00,2974
2011-03-04 00:00:00,2119
2011-03-05 00:00:00,2119
2011-03-06 00:00:00,1918
2011-03-07 00:00:00,1918
2011-03-08 00:00:00,2530
2011-03-09 00:00:00,2530
2011-03-10 00:00:00,1491
2011-03-11 00:00:00,1491
2011-03-12 00:00:00,2812
2011-03-13 00:00:00,2812
2011-03-14 00:00:00,2981
2011-03-15 00:00:00,2981
2011-03-16 00:00:00,3237
2011-03-17 00:00:00,3237
2011-03-18 00:00:00,2759
2011-03-19 00:00:00,2759
2011-03-20 00:00:00,2674
2011-03-21 00:00:00,2674
2011-03-22 00:00:00,2301
2011-03-23 00:00:00,2301
2011-03-24 00:00:00,2218
2011-03-25 00:00:00,2218
2011-03-26 00:00:00,2987
2011-03-27 00:00:00,2987
2011-03-28 00:00:00,3420
2011-03-29 00:00:00,3420
2011-03-30 00:00:00,1625
2011-03-31 00:00:00,1625
2011-04-01 00:00:00,1573
2011-04-02 00:00:00,1573
2011-04-03 00:00:00,1603
2011-04-04 00:00:00,1603
2011-04-05 00:00:00,2272
2011-04-06 00:00:00,2272
2011-04-07 00:00:00,1842
2011-04-08 00:00:00,1842
2011-04-09 00:00:00,1749
2011-04-10 00:00:00,1749
2011-04-11 00:00:00,1879
2011-04-12 00:00:00,1879
2011-04-13 00:00:00,2480
2011-04-14 00:00:00,2480
2011-04-15 00:00:00,2001
2011-04-16 00:00:00,2001
2011-04-17 00:00:00,2320
2011-04-18 00:00:00,2320
2011-04-19 00:00:00,3567
2011-04-20 00:00:00,3567
2011-04-21 00:00:00,1912
2011-04-22 00:00:00,1912
2011-04-23 00:00:00,2100
2011-04-24 00:00:00,2100
2011-04-25 00:00:00,2516
2011-04-26 00:00:00,2516
2011-04-27 00:00:00,4550
2011-04-28 00:00:00,4550
2011-04-29 00:00:00,3474
2011-04-30 00:00:00,3474
2011-05-01 00:00:00,4648
2011-05-02 00:00:00,4648
2011-05-03 00:00:00,3235
2011-05-04 00:00:00,3235
2011-05-05 00:00:00,3399
2011-05-06 00:00:00,3399
2011-05-07 00:00:00,3889
2011-05-08 00:00:00,3889
2011-05-09 00:00:00,3560
2011-05-10 00:00:00,3560
2011-05-11 00:00:00,3272
2011-05-12 00:00:00,3272
2011-05-13 00:00:00,4404
2011-05-14 00:00:00,4404
2011-05-15 00:00:00,3990
2011-05-16 00:00:00,3990
2011-05-17 00:00:00,4355
2011-05-18 00:00:00,4355
2011-05-19 00:00:00,5131
2011-05-20 00:00:00,5131
2011-05-21 00:00:00,4822
2011-05-22 00:00:00,4822
2011-05-23 00:00:00,5775
2011-05-24 00:00:00,5775
2011-05-25 00:00:00,6172
2011-05-26 00:00:00,6172
2011-05-27 00:00:00,5491
2011-05-28 00:00:00,5491
2011-05-29 00:00:00,4725
2011-05-30 00:00:00,4725
2011-05-31 00:00:00,6203
2011-06-01 00:00:00,6203
2011-06-02 00:00:00,7157
2011-06-03 00:00:00,7157
2011-06-04 00:00:00,8773
2011-06-05 00:00:00,8773
2011-06-06 00:00:00,9808
2011-06-07 00:00:00,9808
2011-06-08 00:00:00,11394
2011-06-09 00:00:00,11394
2011-06-10 00:00:00,11233
2011-06-11 00:00:00,11233
2011-06-12 00:00:00,11668
2011-06-13 00:00:00,11668
2011-06-14 00:00:00,12602
2011-06-15 00:00:00,12602
2011-06-16 00:00:00,11777
2011-06-17 00:00:00,11777
2011-06-18 00:00:00,12025
2011-06-19 00:00:00,12025
2011-06-20 00:00:00,11278
2011-06-21 00:00:00,11278
2011-06-22 00:00:00,11810
2011-06-23 00:00:00,11810
2011-06-24 00:00:00,11134
2011-06-25 00:00:00,11134
2011-06-26 00:00:00,10298
2011-06-27 00:00:00,10298
2011-06-28 00:00:00,10892
2011-06-29 00:00:00,10892
2011-06-30 00:00:00,9885
2011-07-01 00:00:00,9885
2011-07-02 00:00:00,9454
2011-07-03 00:00:00,9454
2011-07-04 00:00:00,9495
2011-07-05 00:00:00,9495
2011-07-06 00:00:00,11053
2011-07-07 00:00:00,11053
2011-07-08 00:00:00,8211
2011-07-09 00:00:00,8211
2011-07-10 00:00:00,8057
2011-07-11 00:00:00,8057
2011-07-12 00:00:00,8795
2011-07-13 00:00:00,8795
2011-07-14 00:00:00,8419
2011-07-15 00:00:00,8419
2011-07-16 00:00:00,7821
2011-07-17 00:00:00,7821
2011-07-18 00:00:00,8185
2011-07-19 00:00:00,8185
2011-07-20 00:00:00,8545
2011-07-21 00:00:00,8545
2011-07-22 00:00:00,8437
2011-07-23 00:00:00,8437
2011-07-24 00:00:00,7866
2011-07-25 00:00:00,7866
2011-07-26 00:00:00,8401
2011-07-27 00:00:00,8401
2011-07-28 00:00:00,7818
2011-07-29 00:00:00,7818
2011-07-30 00:00:00,6854
2011-07-31 00:00:00,6854
2011-08-01 00:00:00,8032
2011-08-02 00:00:00,8032
2011-08-03 00:00:00,8054
2011-08-04 00:00:00,8054
2011-08-05 00:00:00,7308
2011-08-06 00:00:00,7308
2011-08-07 00:00:00,6725
2011-08-08 00:00:00,6725
2011-08-09 00:00:00,8638
2011-08-10 00:00:00,8638
2011-08-11 00:00:00,8116
2011-08-12 00:00:00,8116
2011-08-13 00:00:00,7386
2011-08-14 00:00:00,7386
2011-08-15 00:00:00,8347
2011-08-16 00:00:00,8347
2011-08-17 00:00:00,8128
2011-08-18 00:00:00,8128
2011-08-19 00:00:00,7787
2011-08-20 00:00:00,7787
2011-08-21 00:00:00,7355
2011-08-22 00:00:00,7355
2011-08-23 00:00:00,7425
2011-08-24 00:00:00,7425
2011-08-25 00:00:00,7082
2011-08-26 00:00:00,7082
2011-08-27 00:00:00,6988
2011-08-28 00:00:00,6988
2011-08-29 00:00:00,7807
2011-08-30 00:00:00,7807
2011-08-31 00:00:00,7280
2011-09-01 00:00:00,7280
2011-09-02 00:00:00,6917
2011-09-03 00:00:00,6917
2011-09-04 00:00:00,6612
2011-09-05 00:00:00,6612
2011-09-06 00:00:00,7705
2011-09-07 00:00:00,7705
2011-09-08 00:00:00,6481
2011-09-09 00:00:00,6481
2011-09-10 00:00:00,6453
2011-09-11 00:00:00,6453
2011-09-12 00:00:00,6422
2011-09-13 00:00:00,6422
2011-09-14 00:00:00,6515
2011-09-15 00:00:00,6515
2011-09-16 00:00:00,6042
2011-09-17 00:00:00,6042
2011-09-18 00:00:00,5775
2011-09-19 00:00:00,5775
2011-09-20 00:00:00,7420
2011-09-21 00:00:00,7420
2011-09-22 00:00:00,6808
2011-09-23 00:00:00,6808
2011-09-24 00:00:00,6231
2011-09-25 00:00:00,6231
2011-09-26 00:00:00,5917
2011-09-27 00:00:00,5917
2011-09-28 00:00:00,5795
2011-09-29 00:00:00,5795
2011-09-30 00:00:00,5762
2011-10-01 00:00:00,5762
2011-10-02 00:00:00,5145
2011-10-03 00:00:00,5145
2011-10-04 00:00:00,5316
2011-10-05 00:00:00,5316
2011-10-06 00:00:00,6004
2011-10-07 00:00:00,6004
2011-10-08 00:00:00,5604
2011-10-09 00:00:00,5604
2011-10-10 00:00:00,5530
2011-10-11 00:00:00,5530
2011-10-12 00:00:00,6498
2011-10-13 00:00:00,6498
2011-10-14 00:00:00,5676
2011-10-15 00:00:00,5676
2011-10-16 00:00:00,4878
2011-10-17 00:00:00,4878
2011-10-18 00:00:00,5562
2011-10-19 00:00:00,5562
2011-10-20 00:00:00,4708
2011-10-21 00:00:00,4708
2011-10-22 00:00:00,4820
2011-10-23 00:00:00,4820
2011-10-24 00:00:00,5919
2011-10-25 00:00:00,5919
2011-10-26 00:00:00,5307
2011-10-27 00:00:00,5307
2011-10-28 00:00:00,5111
2011-10-29 00:00:00,5111
2011-10-30 00:00:00,4888
2011-10-31 00:00:00,4888
2011-11-01 00:00:00,5885
2011-11-02 00:00:00,5885
2011-11-03 00:00:00,5746
2011-11-04 00:00:00,5746
2011-11-05 00:00:00,6575
2011-11-06 00:00:00,6575
2011-11-07 00:00:00,5329
2011-11-08 00:00:00,5329
2011-11-09 00:00:00,6627
2011-11-10 00:00:00,6627
2011-11-11 00:00:00,5439
2011-11-12 00:00:00,5439
2011-11-13 00:00:00,5088
2011-11-14 00:00:00,5088
2011-11-15 00:00:00,6442
2011-11-16 00:00:00,6442
2011-11-17 00:00:00,5596
2011-11-18 00:00:00,5596
2011-11-19 00:00:00,4909
2011-11-20 00:00:00,4909
2011-11-21 00:00:00,5044
2011-11-22 00:00:00,5044
2011-11-23 00:00:00,5620
2011-11-24 00:00:00,5620
2011-11-25 00:00:00,5374
2011-11-26 00:00:00,5374
2011-11-27 00:00:00,4794
2011-11-28 00:00:00,4794
2011-11-29 00:00:00,6529
2011-11-30 00:00:00,6529
2011-12-01 00:00:00,6735
2011-12-02 00:00:00,6735
2011-12-03 00:00:00,5533
2011-12-04 00:00:00,5533
2011-12-05 00:00:00,6347
2011-12-06 00:00:00,6347
2011-12-07 00:00:00,7119
2011-12-08 00:00:00,7119
2011-12-09 00:00:00,5686
2011-12-10 00:00:00,5686
2011-12-11 00:00:00,5240
2011-12-12 00:00:00,5240
2011-12-13 00:00:00,5515
2011-12-14 00:00:00,5515
2011-12-15 00:00:00,5476
2011-12-16 00:00:00,5476
2011-12-17 00:00:00,4819
2011-12-18 00:00:00,4819
2011-12-19 00:00:00,5200
2011-12-20 00:00:00,5200
2011-12-21 00:00:00,5667
2011-12-22 00:00:00,5667
2011-12-23 00:00:00,5740
2011-12-24 00:00:00,5740
2011-12-25 00:00:00,5307
2011-12-26 00:00:00,5307
2011-12-27 00:00:00,5571
2011-12-28 00:00:00,5571
2011-12-29 00:00:00,5023
2011-12-30 00:00:00,5023
2011-12-31 00:00:00,5357
2012-01-01 00:00:00,5357
2012-01-02 00:00:00,5809
2012-01-03 00:00:00,5809
2012-01-04 00:00:00,5636
2012-01-05 00:00:00,5636
2012-01-06 00:00:00,6361
2012-01-07 00:00:00,6361
2012-01-08 00:00:00,6290
2012-01-09 00:00:00,6290
2012-01-10 00:00:00,6589
2012-01-11 00:00:00,6589
2012-01-12 00:00:00,6943
2012-01-13 00:00:00,6943
2012-01-14 00:00:00,6734
2012-01-15 00:00:00,6734
2012-01-16 00:00:00,6685
2012-01-17 00:00:00,6685
2012-01-18 00:00:00,7215
2012-01-19 00:00:00,7215
2012-01-20 00:00:00,6718
2012-01-21 00:00:00,6718
2012-01-22 00:00:00,5259
2012-01-23 00:00:00,5259
2012-01-24 00:00:00,6817
2012-01-25 00:00:00,6817
2012-01-26 00:00:00,6736
2012-01-27 00:00:00,6736
2012-01-28 00:00:00,6095
2012-01-29 00:00:00,6095
2012-01-30 00:00:00,6019
2012-01-31 00:00:00,6019
2012-02-01 00:00:00,6900
2012-02-02 00:00:00,6900
2012-02-03 00:00:00,6943
2012-02-04 00:00:00,6943
2012-02-05 00:00:00,6616
2012-02-06 00:00:00,6616
2012-02-07 00:00:00,6799
2012-02-08 00:00:00,6799
2012-02-09 00:00:00,7259
2012-02-10 00:00:00,7259
2012-02-11 00:00:00,7624
2012-02-12 00:00:00,7624
2012-02-13 00:00:00,7514
2012-02-14 00:00:00,7514
2012-02-15 00:00:00,9511
2012-02-16 00:00:00,9511
2012-02-17 00:00:00,7128
2012-02-18 00:00:00,7128
2012-02-19 00:00:00,5932
2012-02-20 00:00:00,5932
2012-02-21 00:00:00,6348
2012-02-22 00:00:00,6348
2012-02-23 00:00:00,7881
2012-02-24 00:00:00,7881
2012-02-25 00:00:00,6588
2012-02-26 00:00:00,6588
2012-02-27 00:00:00,6475
2012-02-28 00:00:00,6475
2012-02-29 00:00:00,6825
2012-03-01 00:00:00,6825
2012-03-02 00:00:00,7696
2012-03-03 00:00:00,7696
2012-03-04 00:00:00,6017
2012-03-05 00:00:00,6017
2012-03-06 00:00:00,6713
2012-03-07 00:00:00,6713
2012-03-08 00:00:00,6635
2012-03-09 00:00:00,6635
2012-03-10 00:00:00,6054
2012-03-11 00:00:00,6054
2012-03-12 00:00:00,5728
2012-03-13 00:00:00,5728
2012-03-14 00:00:00,7096
2012-03-15 00:00:00,7096
2012-03-16 00:00:00,6706
2012-03-17 00:00:00,6706
2012-03-18 00:00:00,5745
2012-03-19 00:00:00,5745
2012-03-20 00:00:00,6604
2012-03-21 00:00:00,6604
2012-03-22 00:00:00,6756
2012-03-23 00:00:00,6756
2012-03-24 00:00:00,6461
2012-03-25 00:00:00,6461
2012-03-26 00:00:00,6469
2012-03-27 00:00:00,6469
2012-03-28 00:00:00,7134
2012-03-29 00:00:00,7134
2012-03-30 00:00:00,7174
2012-03-31 00:00:00,7174
2012-04-01 00:00:00,5619
2012-04-02 00:00:00,5619
2012-04-03 00:00:00,7539
2012-04-04 00:00:00,7539
2012-04-05 00:00:00,6977
2012-04-06 00:00:00,6977
2012-04-07 00:00:00,6152
2012-04-08 00:00:00,6152
2012-04-09 00:00:00,6045
2012-04-10 00:00:00,6045
2012-04-11 00:00:00,7485
2012-04-12 00:00:00,7485
2012-04-13 00:00:00,7549
2012-04-14 00:00:00,7549
2012-04-15 00:00:00,7313
2012-04-16 00:00:00,7313
2012-04-17 00:00:00,8354
2012-04-18 00:00:00,8354
2012-04-19 00:00:00,8023
2012-04-20 00:00:00,8023
2012-04-21 00:00:00,7770
2012-04-22 00:00:00,7770
2012-04-23 00:00:00,6845
2012-04-24 00:00:00,6845
2012-04-25 00:00:00,7746
2012-04-26 00:00:00,7746
2012-04-27 00:00:00,7066
2012-04-28 00:00:00,7066
2012-04-29 00:00:00,8050
2012-04-30 00:00:00,8050
2012-05-01 00:00:00,10070
2012-05-02 00:00:00,10070
2012-05-03 00:00:00,12283
2012-05-04 00:00:00,12283
2012-05-05 00:00:00,13590
2012-05-06 00:00:00,13590
2012-05-07 00:00:00,16283
2012-05-08 00:00:00,16283
2012-05-09 00:00:00,18865
2012-05-10 00:00:00,18865
2012-05-11 00:00:00,14196
2012-05-12 00:00:00,14196
2012-05-13 00:00:00,14084
2012-05-14 00:00:00,14084
2012-05-15 00:00:00,20817
2012-05-16 00:00:00,20817
2012-05-17 00:00:00,14892
2012-05-18 00:00:00,14892
2012-05-19 00:00:00,38132
2012-05-20 00:00:00,38132
2012-05-21 00:00:00,29133
2012-05-22 00:00:00,29133
2012-05-23 00:00:00,26784
2012-05-24 00:00:00,26784
2012-05-25 00:00:00,29007
2012-05-26 00:00:00,29007
2012-05-27 00:00:00,22251
2012-05-28 00:00:00,22251
2012-05-29 00:00:00,31160
2012-05-30 00:00:00,31160
2012-05-31 00:00:00,20951
2012-06-01 00:00:00,20951
2012-06-02 00:00:00,18570
2012-06-03 00:00:00,18570
2012-06-04 00:00:00,44984
2012-06-05 00:00:00,44984
2012-06-06 00:00:00,18275
2012-06-07 00:00:00,18275
2012-06-08 00:00:00,26974
2012-06-09 00:00:00,26974
2012-06-10 00:00:00,39328
2012-06-11 00:00:00,39328
2012-06-12 00:00:00,20796
2012-06-13 00:00:00,20796
2012-06-14 00:00:00,56997
2012-06-15 00:00:00,56997
2012-06-16 00:00:00,49313
2012-06-17 00:00:00,49313
2012-06-18 00:00:00,39028
2012-06-19 00:00:00,39028
2012-06-20 00:00:00,33475
2012-06-21 00:00:00,33475
2012-06-22 00:00:00,25550
2012-06-23 00:00:00,25550
2012-06-24 00:00:00,21880
2012-06-25 00:00:00,21880
2012-06-26 00:00:00,32547
2012-06-27 00:00:00,32547
2012-06-28 00:00:00,27315
2012-06-29 00:00:00,27315
2012-06-30 00:00:00,23608
2012-07-01 00:00:00,23608
2012-07-02 00:00:00,25272
2012-07-03 00:00:00,25272
2012-07-04 00:00:00,21992
2012-07-05 00:00:00,21992
2012-07-06 00:00:00,21962
2012-07-07 00:00:00,21962
2012-07-08 00:00:00,21697
2012-07-09 00:00:00,21697
2012-07-10 00:00:00,33442
2012-07-11 00:00:00,33442
2012-07-12 00:00:00,26493
2012-07-13 00:00:00,26493
2012-07-14 00:00:00,25417
2012-07-15 00:00:00,25417
2012-07-16 00:00:00,30561
2012-07-17 00:00:00,30561
2012-07-18 00:00:00,30733
2012-07-19 00:00:00,30733
2012-07-20 00:00:00,35383
2012-07-21 00:00:00,35383
2012-07-22 00:00:00,29975
2012-07-23 00:00:00,29975
2012-07-24 00:00:00,29945
2012-07-25 00:00:00,29945
2012-07-26 00:00:00,30652
2012-07-27 00:00:00,30652
2012-07-28 00:00:00,33187
2012-07-29 00:00:00,33187
2012-07-30 00:00:00,38204
2012-07-31 00:00:00,38204
2012-08-01 00:00:00,34163
2012-08-02 00:00:00,34163
2012-08-03 00:00:00,29356
2012-08-04 00:00:00,29356
2012-08-05 00:00:00,32003
2012-08-06 00:00:00,32003
2012-08-07 00:00:00,28636
2012-08-08 00:00:00,28636
2012-08-09 00:00:00,33117
2012-08-10 00:00:00,33117
2012-08-11 00:00:00,29979
2012-08-12 00:00:00,29979
2012-08-13 00:00:00,49678
2012-08-14 00:00:00,49678
2012-08-15 00:00:00,49070
2012-08-16 00:00:00,49070
2012-08-17 00:00:00,40897
2012-08-18 00:00:00,40897
2012-08-19 00:00:00,35022
2012-08-20 00:00:00,35022
2012-08-21 00:00:00,40494
2012-08-22 00:00:00,40494
2012-08-23 00:00:00,31765
2012-08-24 00:00:00,31765
2012-08-25 00:00:00,35491
2012-08-26 00:00:00,35491
2012-08-27 00:00:00,31308
2012-08-28 00:00:00,31308
2012-08-29 00:00:00,33804
2012-08-30 00:00:00,33804
2012-08-31 00:00:00,41495
2012-09-01 00:00:00,41495
2012-09-02 00:00:00,31268
2012-09-03 00:00:00,31268
2012-09-04 00:00:00,36940
2012-09-05 00:00:00,36940
2012-09-06 00:00:00,44218
2012-09-07 00:00:00,44218
2012-09-08 00:00:00,34359
2012-09-09 00:00:00,34359
2012-09-10 00:00:00,32055
2012-09-11 00:00:00,32055
2012-09-12 00:00:00,30406
2012-09-13 00:00:00,30406
2012-09-14 00:00:00,35146
2012-09-15 00:00:00,35146
2012-09-16 00:00:00,27351
2012-09-17 00:00:00,27351
2012-09-18 00:00:00,31313
2012-09-19 00:00:00,31313
2012-09-20 00:00:00,33825
2012-09-21 00:00:00,33825
2012-09-22 00:00:00,23847
2012-09-23 00:00:00,23847
2012-09-24 00:00:00,31279
2012-09-25 00:00:00,31279
2012-09-26 00:00:00,31886
2012-09-27 00:00:00,31886
2012-09-28 00:00:00,29898
2012-09-29 00:00:00,29898
2012-09-30 00:00:00,21143
2012-10-01 00:00:00,21143
2012-10-02 00:00:00,28543
2012-10-03 00:00:00,28543
2012-10-04 00:00:00,29518
2012-10-05 00:00:00,29518
2012-10-06 00:00:00,35662
2012-10-07 00:00:00,35662
2012-10-08 00:00:00,38366
2012-10-09 00:00:00,38366
2012-10-10 00:00:00,32255
2012-10-11 00:00:00,32255
2012-10-12 00:00:00,24200
2012-10-13 00:00:00,24200
2012-10-14 00:00:00,26981
2012-10-15 00:00:00,26981
2012-10-16 00:00:00,33464
2012-10-17 00:00:00,33464
2012-10-18 00:00:00,28432
2012-10-19 00:00:00,28432
2012-10-20 00:00:00,27673
2012-10-21 00:00:00,27673
2012-10-22 00:00:00,35647
2012-10-23 00:00:00,35647
2012-10-24 00:00:00,33568
2012-10-25 00:00:00,33568
2012-10-26 00:00:00,22540
2012-10-27 00:00:00,22540
2012-10-28 00:00:00,17381
2012-10-29 00:00:00,17381
2012-10-30 00:00:00,29930
2012-10-31 00:00:00,29930
2012-11-01 00:00:00,25458
2012-11-02 00:00:00,25458
2012-11-03 00:00:00,25264
2012-11-04 00:00:00,25264
2012-11-05 00:00:00,32202
2012-11-06 00:00:00,32202
2012-11-07 00:00:00,37442
2012-11-08 00:00:00,37442
2012-11-09 00:00:00,26851
2012-11-10 00:00:00,26851
2012-11-11 00:00:00,23728
2012-11-12 00:00:00,23728
2012-11-13 00:00:00,24841
2012-11-14 00:00:00,24841
2012-11-15 00:00:00,37743
2012-11-16 00:00:00,37743
2012-11-17 00:00:00,34273
2012-11-18 00:00:00,34273
2012-11-19 00:00:00,35160
2012-11-20 00:00:00,35160
2012-11-21 00:00:00,41245
2012-11-22 00:00:00,41245
2012-11-23 00:00:00,31482
2012-11-24 00:00:00,31482
2012-11-25 00:00:00,34821
2012-11-26 00:00:00,34821
2012-11-27 00:00:00,29528
2012-11-28 00:00:00,29528
2012-11-29 00:00:00,39050
2012-11-30 00:00:00,39050
2012-12-01 00:00:00,37722
2012-12-02 00:00:00,37722
2012-12-03 00:00:00,22407
2012-12-04 00:00:00,22407
2012-12-05 00:00:00,33176
2012-12-06 00:00:00,33176
2012-12-07 00:00:00,32887
2012-12-08 00:00:00,32887
2012-12-09 00:00:00,32838
2012-12-10 00:00:00,32838
2012-12-11 00:00:00,36341
2012-12-12 00:00:00,36341
2012-12-13 00:00:00,40260
2012-12-14 00:00:00,40260
2012-12-15 00:00:00,33526
2012-12-16 00:00:00,33526
2012-12-17 00:00:00,40828
2012-12-18 00:00:00,40828
2012-12-19 00:00:00,49016
2012-12-20 00:00:00,49016
2012-12-21 00:00:00,40658
2012-12-22 00:00:00,40658
2012-12-23 00:00:00,39228
2012-12-24 00:00:00,39228
2012-12-25 00:00:00,27560
2012-12-26 00:00:00,27560
2012-12-27 00:00:00,43119
2012-12-28 00:00:00,43119
2012-12-29 00:00:00,39248
2012-12-30 00:00:00,39248
2012-12-31 00:00:00,34228
2013-01-01 00:00:00,34228
2013-01-02 00:00:00,38986
2013-01-03 00:00:00,38986
2013-01-04 00:00:00,49926
2013-01-05 00:00:00,49926
2013-01-06 00:00:00,34519
2013-01-07 00:00:00,34519
2013-01-08 00:00:00,35390
2013-01-09 00:00:00,35390
2013-01-10 00:00:00,51393
2013-01-11 00:00:00,51393
2013-01-12 00:00:00,46836
2013-01-13 00:00:00,46836
2013-01-14 00:00:00,43799
2013-01-15 00:00:00,43799
2013-01-16 00:00:00,52197
2013-01-17 00:00:00,52197
2013-01-18 00:00:00,50896
2013-01-19 00:00:00,50896
2013-01-20 00:00:00,41636
2013-01-21 00:00:00,41636
2013-01-22 00:00:00,40199
2013-01-23 00:00:00,40199
2013-01-24 00:00:00,46607
2013-01-25 00:00:00,46607
2013-01-26 00:00:00,53420
2013-01-27 00:00:00,53420
2013-01-28 00:00:00,52321
2013-01-29 00:00:00,52321
2013-01-30 00:00:00,45810
2013-01-31 00:00:00,45810
2013-02-01 00:00:00,56756
2013-02-02 00:00:00,56756
2013-02-03 00:00:00,56212
2013-02-04 00:00:00,56212
2013-02-05 00:00:00,53445
2013-02-06 00:00:00,53445
2013-02-07 00:00:00,58215
2013-02-08 00:00:00,58215
2013-02-09 00:00:00,50847
2013-02-10 00:00:00,50847
2013-02-11 00:00:00,58835
2013-02-12 00:00:00,58835
2013-02-13 00:00:00,57398
2013-02-14 00:00:00,57398
2013-02-15 00:00:00,57505
2013-02-16 00:00:00,57505
2013-02-17 00:00:00,50400
2013-02-18 00:00:00,50400
2013-02-19 00:00:00,55598
2013-02-20 00:00:00,55598
2013-02-21 00:00:00,58996
2013-02-22 00:00:00,58996
2013-02-23 00:00:00,59386
2013-02-24 00:00:00,59386
2013-02-25 00:00:00,65164
2013-02-26 00:00:00,65164
2013-02-27 00:00:00,62952
2013-02-28 00:00:00,62952
2013-03-01 00:00:00,65797
2013-03-02 00:00:00,65797
2013-03-03 00:00:00,49631
2013-03-04 00:00:00,49631
2013-03-05 00:00:00,56039
2013-03-06 00:00:00,56039
2013-03-07 00:00:00,62423
2013-03-08 00:00:00,62423
2013-03-09 00:00:00,47671
2013-03-10 00:00:00,47671
2013-03-11 00:00:00,67610
2013-03-12 00:00:00,67610
2013-03-13 00:00:00,56177
2013-03-14 00:00:00,56177
2013-03-15 00:00:00,60064
2013-03-16 00:00:00,60064
2013-03-17 00:00:00,34164
2013-03-18 00:00:00,34164
2013-03-19 00:00:00,48705
2013-03-20 00:00:00,48705
2013-03-21 00:00:00,53840
2013-03-22 00:00:00,53840
2013-03-23 00:00:00,58002
2013-03-24 00:00:00,58002
2013-03-25 00:00:00,51011
2013-03-26 00:00:00,51011
2013-03-27 00:00:00,51993
2013-03-28 00:00:00,51993
2013-03-29 00:00:00,66205
2013-03-30 00:00:00,66205
2013-03-31 00:00:00,44586
2013-04-01 00:00:00,44586
2013-04-02 00:00:00,60268
2013-04-03 00:00:00,60268
2013-04-04 00:00:00,69048
2013-04-05 00:00:00,69048
2013-04-06 00:00:00,57200
2013-04-07 00:00:00,57200
2013-04-08 00:00:00,63470
2013-04-09 00:00:00,63470
2013-04-10 00:00:00,68820
2013-04-11 00:00:00,68820
2013-04-12 00:00:00,60395
2013-04-13 00:00:00,60395
2013-04-14 00:00:00,53417
2013-04-15 00:00:00,53417
2013-04-16 00:00:00,65797
2013-04-17 00:00:00,65797
2013-04-18 00:00:00,52605
2013-04-19 00:00:00,52605
2013-04-20 00:00:00,48016
2013-04-21 00:00:00,48016
2013-04-22 00:00:00,46737
2013-04-23 00:00:00,46737
2013-04-24 00:00:00,67982
2013-04-25 00:00:00,67982
2013-04-26 00:00:00,56533
2013-04-27 00:00:00,56533
2013-04-28 00:00:00,40986
2013-04-29 00:00:00,40986
2013-04-30 00:00:00,48795
2013-05-01 00:00:00,48795
2013-05-02 00:00:00,57278
2013-05-03 00:00:00,57278
2013-05-04 00:00:00,48349
2013-05-05 00:00:00,48349
2013-05-06 00:00:00,51244
2013-05-07 00:00:00,51244
2013-05-08 00:00:00,47359
2013-05-09 00:00:00,47359
2013-05-10 00:00:00,67937
2013-05-11 00:00:00,67937
2013-05-12 00:00:00,69320
2013-05-13 00:00:00,69320
2013-05-14 00:00:00,63287
2013-05-15 00:00:00,63287
2013-05-16 00:00:00,60543
2013-05-17 00:00:00,60543
2013-05-18 00:00:00,51982
2013-05-19 00:00:00,51982
2013-05-20 00:00:00,50093
2013-05-21 00:00:00,50093
2013-05-22 00:00:00,53981
2013-05-23 00:00:00,53981
2013-05-24 00:00:00,55106
2013-05-25 00:00:00,55106
2013-05-26 00:00:00,39879
2013-05-27 00:00:00,39879
2013-05-28 00:00:00,55138
2013-05-29 00:00:00,55138
2013-05-30 00:00:00,57170
2013-05-31 00:00:00,57170
2013-06-01 00:00:00,52390
2013-06-02 00:00:00,52390
2013-06-03 00:00:00,52048
2013-06-04 00:00:00,52048
2013-06-05 00:00:00,54947
2013-06-06 00:00:00,54947
2013-06-07 00:00:00,54331
2013-06-08 00:00:00,54331
2013-06-09 00:00:00,46237
2013-06-10 00:00:00,46237
2013-06-11 00:00:00,51208
2013-06-12 00:00:00,51208
2013-06-13 00:00:00,43302
2013-06-14 00:00:00,43302
2013-06-15 00:00:00,41531
2013-06-16 00:00:00,41531
2013-06-17 00:00:00,43399
2013-06-18 00:00:00,43399
2013-06-19 00:00:00,46903
2013-06-20 00:00:00,46903
2013-06-21 00:00:00,52994
2013-06-22 00:00:00,52994
2013-06-23 00:00:00,40634
2013-06-24 00:00:00,40634
2013-06-25 00:00:00,45588
2013-06-26 00:00:00,45588
2013-06-27 00:00:00,46797
2013-06-28 00:00:00,46797
2013-06-29 00:00:00,38973
2013-06-30 00:00:00,38973
2013-07-01 00:00:00,34053
2013-07-02 00:00:00,34053
2013-07-03 00:00:00,35351
2013-07-04 00:00:00,35351
2013-07-05 00:00:00,36291
2013-07-06 00:00:00,36291
2013-07-07 00:00:00,28865
2013-07-08 00:00:00,28865
2013-07-09 00:00:00,41777
2013-07-10 00:00:00,41777
2013-07-11 00:00:00,41040
2013-07-12 00:00:00,41040
2013-07-13 00:00:00,40313
2013-07-14 00:00:00,40313
2013-07-15 00:00:00,36738
2013-07-16 00:00:00,36738
2013-07-17 00:00:00,39565
2013-07-18 00:00:00,39565
2013-07-19 00:00:00,38020
2013-07-20 00:00:00,38020
2013-07-21 00:00:00,36884
2013-07-22 00:00:00,36884
2013-07-23 00:00:00,39644
2013-07-24 00:00:00,39644
2013-07-25 00:00:00,42304
2013-07-26 00:00:00,42304
2013-07-27 00:00:00,35987
2013-07-28 00:00:00,35987
2013-07-29 00:00:00,44260
2013-07-30 00:00:00,44260
2013-07-31 00:00:00,51919
2013-08-01 00:00:00,51919
2013-08-02 00:00:00,53174
2013-08-03 00:00:00,53174
2013-08-04 00:00:00,44605
2013-08-05 00:00:00,44605
2013-08-06 00:00:00,52260
2013-08-07 00:00:00,52260
2013-08-08 00:00:00,57036
2013-08-09 00:00:00,57036
2013-08-10 00:00:00,52040
2013-08-11 00:00:00,52040
2013-08-12 00:00:00,45811
2013-08-13 00:00:00,45811
2013-08-14 00:00:00,50484
2013-08-15 00:00:00,50484
2013-08-16 00:00:00,68301
2013-08-17 00:00:00,68301
2013-08-18 00:00:00,53134
2013-08-19 00:00:00,53134
2013-08-20 00:00:00,66539
2013-08-21 00:00:00,66539
2013-08-22 00:00:00,62772
2013-08-23 00:00:00,62772
2013-08-24 00:00:00,51085
2013-08-25 00:00:00,51085
2013-08-26 00:00:00,53528
2013-08-27 00:00:00,53528
2013-08-28 00:00:00,63645
2013-08-29 00:00:00,63645
2013-08-30 00:00:00,60716
2013-08-31 00:00:00,60716
2013-09-01 00:00:00,45578
2013-09-02 00:00:00,45578
2013-09-03 00:00:00,50503
2013-09-04 00:00:00,50503
2013-09-05 00:00:00,60222
2013-09-06 00:00:00,60222
2013-09-07 00:00:00,54231
2013-09-08 00:00:00,54231
2013-09-09 00:00:00,54966
2013-09-10 00:00:00,54966
2013-09-11 00:00:00,49512
2013-09-12 00:00:00,49512
2013-09-13 00:00:00,48362
2013-09-14 00:00:00,48362
2013-09-15 00:00:00,46764
2013-09-16 00:00:00,46764
2013-09-17 00:00:00,66291
2013-09-18 00:00:00,66291
2013-09-19 00:00:00,59004
2013-09-20 00:00:00,59004
2013-09-21 00:00:00,53286
2013-09-22 00:00:00,53286
2013-09-23 00:00:00,60286
2013-09-24 00:00:00,60286
2013-09-25 00:00:00,58150
2013-09-26 00:00:00,58150
2013-09-27 00:00:00,50429
2013-09-28 00:00:00,50429
2013-09-29 00:00:00,41741
2013-09-30 00:00:00,41741
2013-10-01 00:00:00,55320
2013-10-02 00:00:00,55320
2013-10-03 00:00:00,61708
2013-10-04 00:00:00,61708
2013-10-05 00:00:00,47895
2013-10-06 00:00:00,47895
2013-10-07 00:00:00,43235
2013-10-08 00:00:00,43235
2013-10-09 00:00:00,46991
2013-10-10 00:00:00,46991
2013-10-11 00:00:00,54449
2013-10-12 00:00:00,54449
2013-10-13 00:00:00,51248
2013-10-14 00:00:00,51248
2013-10-15 00:00:00,57320
2013-10-16 00:00:00,57320
2013-10-17 00:00:00,45193
2013-10-18 00:00:00,45193
2013-10-19 00:00:00,54639
2013-10-20 00:00:00,54639
2013-10-21 00:00:00,58142
2013-10-22 00:00:00,58142
2013-10-23 00:00:00,54572
2013-10-24 00:00:00,54572
2013-10-25 00:00:00,59853
2013-10-26 00:00:00,59853
2013-10-27 00:00:00,44388
2013-10-28 00:00:00,44388
2013-10-29 00:00:00,51237
2013-10-30 00:00:00,51237
2013-10-31 00:00:00,56476
2013-11-01 00:00:00,56476
2013-11-02 00:00:00,41179
2013-11-03 00:00:00,41179
2013-11-04 00:00:00,42094
2013-11-05 00:00:00,42094
2013-11-06 00:00:00,55035
2013-11-07 00:00:00,55035
2013-11-08 00:00:00,59961
2013-11-09 00:00:00,59961
2013-11-10 00:00:00,57169
2013-11-11 00:00:00,57169
2013-11-12 00:00:00,58510
2013-11-13 00:00:00,58510
2013-11-14 00:00:00,70175
2013-11-15 00:00:00,70175
2013-11-16 00:00:00,51595
2013-11-17 00:00:00,51595
2013-11-18 00:00:00,73198
2013-11-19 00:00:00,73198
2013-11-20 00:00:00,77962
2013-11-21 00:00:00,77962
2013-11-22 00:00:00,76646
2013-11-23 00:00:00,76646
2013-11-24 00:00:00,60018
2013-11-25 00:00:00,60018
2013-11-26 00:00:00,80055
2013-11-27 00:00:00,80055
2013-11-28 00:00:00,102010
2013-11-29 00:00:00,102010
2013-11-30 00:00:00,80868
2013-12-01 00:00:00,80868
2013-12-02 00:00:00,74324
2013-12-03 00:00:00,74324
2013-12-04 00:00:00,79738
2013-12-05 00:00:00,79738
2013-12-06 00:00:00,71277
2013-12-07 00:00:00,71277
2013-12-08 00:00:00,49174
2013-12-09 00:00:00,49174
2013-12-10 00:00:00,67874
2013-12-11 00:00:00,67874
2013-12-12 00:00:00,59677
2013-12-13 00:00:00,59677
2013-12-14 00:00:00,55858
2013-12-15 00:00:00,55858
2013-12-16 00:00:00,63090
2013-12-17 00:00:00,63090
2013-12-18 00:00:00,81656
2013-12-19 00:00:00,81656
2013-12-20 00:00:00,69475
2013-12-21 00:00:00,69475
2013-12-22 00:00:00,51543
2013-12-23 00:00:00,51543
2013-12-24 00:00:00,56872
2013-12-25 00:00:00,56872
2013-12-26 00:00:00,48575
2013-12-27 00:00:00,48575
2013-12-28 00:00:00,47777
2013-12-29 00:00:00,47777
2013-12-30 00:00:00,56501
2013-12-31 00:00:00,56501
2014-01-01 00:00:00,41476
2014-01-02 00:00:00,41476
2014-01-03 00:00:00,63821
2014-01-04 00:00:00,63821
2014-01-05 00:00:00,55761
2014-01-06 00:00:00,55761
2014-01-07 00:00:00,62126
2014-01-08 00:00:00,62126
2014-01-09 00:00:00,58365
2014-01-10 00:00:00,58365
2014-01-11 00:00:00,56464
2014-01-12 00:00:00,56464
2014-01-13 00:00:00,54756
2014-01-14 00:00:00,54756
2014-01-15 00:00:00,60392
2014-01-16 00:00:00,60392
2014-01-17 00:00:00,58397
2014-01-18 00:00:00,58397
2014-01-19 00:00:00,49224
2014-01-20 00:00:00,49224
2014-01-21 00:00:00,71521
2014-01-22 00:00:00,71521
2014-01-23 00:00:00,63527
2014-01-24 00:00:00,63527
2014-01-25 00:00:00,55371
2014-01-26 00:00:00,55371
2014-01-27 00:00:00,60746
2014-01-28 00:00:00,60746
2014-01-29 00:00:00,61786
2014-01-30 00:00:00,61786
2014-01-31 00:00:00,61999
2014-02-01 00:00:00,61999
2014-02-02 00:00:00,50400
2014-02-03 00:00:00,50400
2014-02-04 00:00:00,65812
2014-02-05 00:00:00,65812
2014-02-06 00:00:00,69721
2014-02-07 00:00:00,69721
2014-02-08 00:00:00,64069
2014-02-09 00:00:00,64069
2014-02-10 00:00:00,67622
2014-02-11 00:00:00,67622
2014-02-12 00:00:00,62805
2014-02-13 00:00:00,62805
2014-02-14 00:00:00,76660
2014-02-15 00:00:00,76660
2014-02-16 00:00:00,56785
2014-02-17 00:00:00,56785
2014-02-18 00:00:00,68333
2014-02-19 00:00:00,68333
2014-02-20 00:00:00,71666
2014-02-21 00:00:00,71666
2014-02-22 00:00:00,59691
2014-02-23 00:00:00,59691
2014-02-24 00:00:00,68496
2014-02-25 00:00:00,68496
2014-02-26 00:00:00,71527
2014-02-27 00:00:00,71527
2014-02-28 00:00:00,71658
2014-03-01 00:00:00,71658
2014-03-02 00:00:00,59067
2014-03-03 00:00:00,59067
2014-03-04 00:00:00,85916
2014-03-05 00:00:00,85916
2014-03-06 00:00:00,71619
2014-03-07 00:00:00,71619
2014-03-08 00:00:00,71019
2014-03-09 00:00:00,71019
2014-03-10 00:00:00,66786
2014-03-11 00:00:00,66786
2014-03-12 00:00:00,76019
2014-03-13 00:00:00,76019
2014-03-14 00:00:00,68735
2014-03-15 00:00:00,68735
2014-03-16 00:00:00,58730
2014-03-17 00:00:00,58730
2014-03-18 00:00:00,57881
2014-03-19 00:00:00,57881
2014-03-20 00:00:00,72117
2014-03-21 00:00:00,72117
2014-03-22 00:00:00,69139
2014-03-23 00:00:00,69139
2014-03-24 00:00:00,67382
2014-03-25 00:00:00,67382
2014-03-26 00:00:00,69897
2014-03-27 00:00:00,69897
2014-03-28 00:00:00,69155
2014-03-29 00:00:00,69155
2014-03-30 00:00:00,55333
2014-03-31 00:00:00,55333
2014-04-01 00:00:00,64692
2014-04-02 00:00:00,64692
2014-04-03 00:00:00,67292
2014-04-04 00:00:00,67292
2014-04-05 00:00:00,59610
2014-04-06 00:00:00,59610
2014-04-07 00:00:00,62222
2014-04-08 00:00:00,62222
2014-04-09 00:00:00,64278
2014-04-10 00:00:00,64278
2014-04-11 00:00:00,66874
2014-04-12 00:00:00,66874
2014-04-13 00:00:00,49420
2014-04-14 00:00:00,49420
2014-04-15 00:00:00,74882
2014-04-16 00:00:00,74882
2014-04-17 00:00:00,67212
2014-04-18 00:00:00,67212
2014-04-19 00:00:00,56685
2014-04-20 00:00:00,56685
2014-04-21 00:00:00,57961
2014-04-22 00:00:00,57961
2014-04-23 00:00:00,72147
2014-04-24 00:00:00,72147
2014-04-25 00:00:00,78038
2014-04-26 00:00:00,78038
2014-04-27 00:00:00,50392
2014-04-28 00:00:00,50392
2014-04-29 00:00:00,64207
2014-04-30 00:00:00,64207
2014-05-01 00:00:00,60910
2014-05-02 00:00:00,60910
2014-05-03 00:00:00,56112
2014-05-04 00:00:00,56112
2014-05-05 00:00:00,63433
2014-05-06 00:00:00,63433
2014-05-07 00:00:00,70424
2014-05-08 00:00:00,70424
2014-05-09 00:00:00,67693
2014-05-10 00:00:00,67693
2014-05-11 00:00:00,51666
2014-05-12 00:00:00,51666
2014-05-13 00:00:00,70672
2014-05-14 00:00:00,70672
2014-05-15 00:00:00,72761
2014-05-16 00:00:00,72761
2014-05-17 00:00:00,55577
2014-05-18 00:00:00,55577
2014-05-19 00:00:00,60368
2014-05-20 00:00:00,60368
2014-05-21 00:00:00,71120
2014-05-22 00:00:00,71120
2014-05-23 00:00:00,74593
2014-05-24 00:00:00,74593
2014-05-25 00:00:00,53928
2014-05-26 00:00:00,53928
2014-05-27 00:00:00,67040
2014-05-28 00:00:00,67040
2014-05-29 00:00:00,65930
2014-05-30 00:00:00,65930
2014-05-31 00:00:00,55166
2014-06-01 00:00:00,55166
2014-06-02 00:00:00,61179
2014-06-03 00:00:00,61179
2014-06-04 00:00:00,66435
2014-06-05 00:00:00,66435
2014-06-06 00:00:00,64859
2014-06-07 00:00:00,64859
2014-06-08 00:00:00,47730
2014-06-09 00:00:00,47730
2014-06-10 00:00:00,65460
2014-06-11 00:00:00,65460
2014-06-12 00:00:00,61583
2014-06-13 00:00:00,61583
2014-06-14 00:00:00,58961
2014-06-15 00:00:00,58961
2014-06-16 00:00:00,65347
2014-06-17 00:00:00,65347
2014-06-18 00:00:00,66992
2014-06-19 00:00:00,66992
2014-06-20 00:00:00,59884
2014-06-21 00:00:00,59884
2014-06-22 00:00:00,50429
2014-06-23 00:00:00,50429
2014-06-24 00:00:00,64766
2014-06-25 00:00:00,64766
2014-06-26 00:00:00,62354
2014-06-27 00:00:00,62354
2014-06-28 00:00:00,56883
2014-06-29 00:00:00,56883
2014-06-30 00:00:00,62009
2014-07-01 00:00:00,62009
2014-07-02 00:00:00,67724
2014-07-03 00:00:00,67724
2014-07-04 00:00:00,61901
2014-07-05 00:00:00,61901
2014-07-06 00:00:00,53366
2014-07-07 00:00:00,53366
2014-07-08 00:00:00,70042
2014-07-09 00:00:00,70042
2014-07-10 00:00:00,64146
2014-07-11 00:00:00,64146
2014-07-12 00:00:00,54181
2014-07-13 00:00:00,54181
2014-07-14 00:00:00,59877
2014-07-15 00:00:00,59877
2014-07-16 00:00:00,67767
2014-07-17 00:00:00,67767
2014-07-18 00:00:00,62427
2014-07-19 00:00:00,62427
2014-07-20 00:00:00,54742
2014-07-21 00:00:00,54742
2014-07-22 00:00:00,66921
2014-07-23 00:00:00,66921
2014-07-24 00:00:00,64815
2014-07-25 00:00:00,64815
2014-07-26 00:00:00,57528
2014-07-27 00:00:00,57528
2014-07-28 00:00:00,59561
2014-07-29 00:00:00,59561
2014-07-30 00:00:00,64442
2014-07-31 00:00:00,64442
2014-08-01 00:00:00,69283
2014-08-02 00:00:00,69283
2014-08-03 00:00:00,52550
2014-08-04 00:00:00,52550
2014-08-05 00:00:00,72928
2014-08-06 00:00:00,72928
2014-08-07 00:00:00,70732
2014-08-08 00:00:00,70732
2014-08-09 00:00:00,62960
2014-08-10 00:00:00,62960
2014-08-11 00:00:00,70184
2014-08-12 00:00:00,70184
2014-08-13 00:00:00,75011
2014-08-14 00:00:00,75011
2014-08-15 00:00:00,69698
2014-08-16 00:00:00,69698
2014-08-17 00:00:00,59319
2014-08-18 00:00:00,59319
2014-08-19 00:00:00,75458
2014-08-20 00:00:00,75458
2014-08-21 00:00:00,75470
2014-08-22 00:00:00,75470
2014-08-23 00:00:00,60189
2014-08-24 00:00:00,60189
2014-08-25 00:00:00,66411
2014-08-26 00:00:00,66411
2014-08-27 00:00:00,74318
2014-08-28 00:00:00,74318
2014-08-29 00:00:00,67664
2014-08-30 00:00:00,67664
2014-08-31 00:00:00,59751
2014-09-01 00:00:00,59751
2014-09-02 00:00:00,71539
2014-09-03 00:00:00,71539
2014-09-04 00:00:00,70940
2014-09-05 00:00:00,70940
2014-09-06 00:00:00,67529
2014-09-07 00:00:00,67529
2014-09-08 00:00:00,71754
2014-09-09 00:00:00,71754
2014-09-10 00:00:00,76417
2014-09-11 00:00:00,76417
2014-09-12 00:00:00,66303
2014-09-13 00:00:00,66303
2014-09-14 00:00:00,66033
2014-09-15 00:00:00,66033
2014-09-16 00:00:00,89326
2014-09-17 00:00:00,89326
2014-09-18 00:00:00,79754
2014-09-19 00:00:00,79754
2014-09-20 00:00:00,62315
2014-09-21 00:00:00,62315
2014-09-22 00:00:00,68526
2014-09-23 00:00:00,68526
2014-09-24 00:00:00,81104
2014-09-25 00:00:00,81104
2014-09-26 00:00:00,73278
2014-09-27 00:00:00,73278
2014-09-28 00:00:00,62200
2014-09-29 00:00:00,62200
2014-09-30 00:00:00,78590
2014-10-01 00:00:00,78590
2014-10-02 00:00:00,74630
2014-10-03 00:00:00,74630
2014-10-04 00:00:00,70430
2014-10-05 00:00:00,70430
2014-10-06 00:00:00,75126
2014-10-07 00:00:00,75126
2014-10-08 00:00:00,80324
2014-10-09 00:00:00,80324
2014-10-10 00:00:00,84811
2014-10-11 00:00:00,84811
2014-10-12 00:00:00,63946
2014-10-13 00:00:00,63946
2014-10-14 00:00:00,81491
2014-10-15 00:00:00,81491
2014-10-16 00:00:00,74010
2014-10-17 00:00:00,74010
2014-10-18 00:00:00,69474
2014-10-19 00:00:00,69474
2014-10-20 00:00:00,78443
2014-10-21 00:00:00,78443
2014-10-22 00:00:00,79546
2014-10-23 00:00:00,79546
2014-10-24 00:00:00,81643
2014-10-25 00:00:00,81643
2014-10-26 00:00:00,70537
2014-10-27 00:00:00,70537
2014-10-28 00:00:00,88600
2014-10-29 00:00:00,88600
2014-10-30 00:00:00,93338
2014-10-31 00:00:00,93338
2014-11-01 00:00:00,74548
2014-11-02 00:00:00,74548
2014-11-03 00:00:00,84522
2014-11-04 00:00:00,84522
2014-11-05 00:00:00,89249
2014-11-06 00:00:00,89249
2014-11-07 00:00:00,89542
2014-11-08 00:00:00,89542
2014-11-09 00:00:00,72217
2014-11-10 00:00:00,72217
2014-11-11 00:00:00,87338
2014-11-12 00:00:00,87338
2014-11-13 00:00:00,100117
2014-11-14 00:00:00,100117
2014-11-15 00:00:00,74831
2014-11-16 00:00:00,74831
2014-11-17 00:00:00,85201
2014-11-18 00:00:00,85201
2014-11-19 00:00:00,87321
2014-11-20 00:00:00,87321
2014-11-21 00:00:00,86577
2014-11-22 00:00:00,86577
2014-11-23 00:00:00,75041
2014-11-24 00:00:00,75041
2014-11-25 00:00:00,82813
2014-11-26 00:00:00,82813
2014-11-27 00:00:00,82979
2014-11-28 00:00:00,82979
2014-11-29 00:00:00,81452
2014-11-30 00:00:00,81452
2014-12-01 00:00:00,95220
2014-12-02 00:00:00,95220
2014-12-03 00:00:00,97296
2014-12-04 00:00:00,97296
2014-12-05 00:00:00,92900
2014-12-06 00:00:00,92900
2014-12-07 00:00:00,77357
2014-12-08 00:00:00,77357
2014-12-09 00:00:00,89587
2014-12-10 00:00:00,89587
2014-12-11 00:00:00,85829
2014-12-12 00:00:00,85829
2014-12-13 00:00:00,79512
2014-12-14 00:00:00,79512
2014-12-15 00:00:00,95727
2014-12-16 00:00:00,95727
2014-12-17 00:00:00,93704
2014-12-18 00:00:00,93704
2014-12-19 00:00:00,92052
2014-12-20 00:00:00,92052
2014-12-21 00:00:00,80829
2014-12-22 00:00:00,80829
2014-12-23 00:00:00,99770
2014-12-24 00:00:00,99770
2014-12-25 00:00:00,70684
2014-12-26 00:00:00,70684
2014-12-27 00:00:00,78776
2014-12-28 00:00:00,78776
2014-12-29 00:00:00,79812
2014-12-30 00:00:00,79812
2014-12-31 00:00:00,83768
2015-01-01 00:00:00,83768
2015-01-02 00:00:00,72234
2015-01-03 00:00:00,72234
2015-01-04 00:00:00,85570
2015-01-05 00:00:00,85570
2015-01-06 00:00:00,87160
2015-01-07 00:00:00,87160
2015-01-08 00:00:00,99126
2015-01-09 00:00:00,99126
2015-01-10 00:00:00,105895
2015-01-11 00:00:00,105895
2015-01-12 00:00:00,98185
2015-01-13 00:00:00,98185
2015-01-14 00:00:00,104481
2015-01-15 00:00:00,104481
2015-01-16 00:00:00,112530
2015-01-17 00:00:00,112530
2015-01-18 00:00:00,87047
2015-01-19 00:00:00,87047
2015-01-20 00:00:00,98890
2015-01-21 00:00:00,98890
2015-01-22 00:00:00,94979
2015-01-23 00:00:00,94979
2015-01-24 00:00:00,89630
2015-01-25 00:00:00,89630
2015-01-26 00:00:00,105423
2015-01-27 00:00:00,105423
2015-01-28 00:00:00,89287
2015-01-29 00:00:00,89287
2015-01-30 00:00:00,86360
2015-01-31 00:00:00,86360
2015-02-01 00:00:00,79193
2015-02-02 00:00:00,79193
2015-02-03 00:00:00,93499
2015-02-04 00:00:00,93499
2015-02-05 00:00:00,90028
2015-02-06 00:00:00,90028
2015-02-07 00:00:00,86207
2015-02-08 00:00:00,86207
2015-02-09 00:00:00,95860
2015-02-10 00:00:00,95860
2015-02-11 00:00:00,98701
2015-02-12 00:00:00,98701
2015-02-13 00:00:00,107390
2015-02-14 00:00:00,107390
2015-02-15 00:00:00,85355
2015-02-16 00:00:00,85355
2015-02-17 00:00:00,98899
2015-02-18 00:00:00,98899
2015-02-19 00:00:00,96005
2015-02-20 00:00:00,96005
2015-02-21 00:00:00,92541
2015-02-22 00:00:00,92541
2015-02-23 00:00:00,96936
2015-02-24 00:00:00,96936
2015-02-25 00:00:00,104785
2015-02-26 00:00:00,104785
2015-02-27 00:00:00,103395
2015-02-28 00:00:00,103395
2015-03-01 00:00:00,86274
2015-03-02 00:00:00,86274
2015-03-03 00:00:00,109142
2015-03-04 00:00:00,109142
2015-03-05 00:00:00,96611
2015-03-06 00:00:00,96611
2015-03-07 00:00:00,94270
2015-03-08 00:00:00,94270
2015-03-09 00:00:00,96449
2015-03-10 00:00:00,96449
2015-03-11 00:00:00,102856
2015-03-12 00:00:00,102856
2015-03-13 00:00:00,96745
2015-03-14 00:00:00,96745
2015-03-15 00:00:00,84477
2015-03-16 00:00:00,84477
2015-03-17 00:00:00,104238
2015-03-18 00:00:00,104238
2015-03-19 00:00:00,102414
2015-03-20 00:00:00,102414
2015-03-21 00:00:00,100458
2015-03-22 00:00:00,100458
2015-03-23 00:00:00,106330
2015-03-24 00:00:00,106330
2015-03-25 00:00:00,93930
2015-03-26 00:00:00,93930
2015-03-27 00:00:00,106302
2015-03-28 00:00:00,106302
2015-03-29 00:00:00,87456
2015-03-30 00:00:00,87456
2015-03-31 00:00:00,105294
2015-04-01 00:00:00,105294
2015-04-02 00:00:00,115686
2015-04-03 00:00:00,115686
2015-04-04 00:00:00,94152
2015-04-05 00:00:00,94152
2015-04-06 00:00:00,100949
2015-04-07 00:00:00,100949
2015-04-08 00:00:00,108047
2015-04-09 00:00:00,108047
2015-04-10 00:00:00,114091
2015-04-11 00:00:00,114091
2015-04-12 00:00:00,88884
2015-04-13 00:00:00,88884
2015-04-14 00:00:00,113372
2015-04-15 00:00:00,113372
2015-04-16 00:00:00,104063
2015-04-17 00:00:00,104063
2015-04-18 00:00:00,100484
2015-04-19 00:00:00,100484
2015-04-20 00:00:00,115128
2015-04-21 00:00:00,115128
2015-04-22 00:00:00,113657
2015-04-23 00:00:00,113657
2015-04-24 00:00:00,110568
2015-04-25 00:00:00,110568
2015-04-26 00:00:00,93761
2015-04-27 00:00:00,93761
2015-04-28 00:00:00,112434
2015-04-29 00:00:00,112434
2015-04-30 00:00:00,114070
2015-05-01 00:00:00,114070
2015-05-02 00:00:00,96416
2015-05-03 00:00:00,96416
2015-05-04 00:00:00,94120
2015-05-05 00:00:00,94120
2015-05-06 00:00:00,113496
2015-05-07 00:00:00,113496
2015-05-08 00:00:00,108365
2015-05-09 00:00:00,108365
2015-05-10 00:00:00,90054
2015-05-11 00:00:00,90054
2015-05-12 00:00:00,114424
2015-05-13 00:00:00,114424
2015-05-14 00:00:00,101228
2015-05-15 00:00:00,101228
2015-05-16 00:00:00,93025
2015-05-17 00:00:00,93025
2015-05-18 00:00:00,97915
2015-05-19 00:00:00,97915
2015-05-20 00:00:00,107683
2015-05-21 00:00:00,107683
2015-05-22 00:00:00,100591
2015-05-23 00:00:00,100591
2015-05-24 00:00:00,87996
2015-05-25 00:00:00,87996
2015-05-26 00:00:00,106971
2015-05-27 00:00:00,106971
2015-05-28 00:00:00,109786
2015-05-29 00:00:00,109786
2015-05-30 00:00:00,132907
2015-05-31 00:00:00,132907
2015-06-01 00:00:00,116959
2015-06-02 00:00:00,116959
2015-06-03 00:00:00,125399
2015-06-04 00:00:00,125399
2015-06-05 00:00:00,109700
2015-06-06 00:00:00,109700
2015-06-07 00:00:00,88440
2015-06-08 00:00:00,88440
2015-06-09 00:00:00,115633
2015-06-10 00:00:00,115633
2015-06-11 00:00:00,125147
2015-06-12 00:00:00,125147
2015-06-13 00:00:00,112813
2015-06-14 00:00:00,112813
2015-06-15 00:00:00,122279
2015-06-16 00:00:00,122279
2015-06-17 00:00:00,133747
2015-06-18 00:00:00,133747
2015-06-19 00:00:00,125430
2015-06-20 00:00:00,125430
2015-06-21 00:00:00,91203
2015-06-22 00:00:00,91203
2015-06-23 00:00:00,128795
2015-06-24 00:00:00,128795
2015-06-25 00:00:00,113329
2015-06-26 00:00:00,113329
2015-06-27 00:00:00,108876
2015-06-28 00:00:00,108876
2015-06-29 00:00:00,117119
2015-06-30 00:00:00,117119
2015-07-01 00:00:00,150917
2015-07-02 00:00:00,150917
2015-07-03 00:00:00,138811
2015-07-04 00:00:00,138811
2015-07-05 00:00:00,101714
2015-07-06 00:00:00,101714
2015-07-07 00:00:00,201921
2015-07-08 00:00:00,201921
2015-07-09 00:00:00,187202
2015-07-10 00:00:00,187202
2015-07-11 00:00:00,171652
2015-07-12 00:00:00,171652
2015-07-13 00:00:00,176542
2015-07-14 00:00:00,176542
2015-07-15 00:00:00,122340
2015-07-16 00:00:00,122340
2015-07-17 00:00:00,118048
2015-07-18 00:00:00,118048
2015-07-19 00:00:00,134643
2015-07-20 00:00:00,134643
2015-07-21 00:00:00,123367
2015-07-22 00:00:00,123367
2015-07-23 00:00:00,111582
2015-07-24 00:00:00,111582
2015-07-25 00:00:00,106038
2015-07-26 00:00:00,106038
2015-07-27 00:00:00,111331
2015-07-28 00:00:00,111331
2015-07-29 00:00:00,136195
2015-07-30 00:00:00,136195
2015-07-31 00:00:00,133640
2015-08-01 00:00:00,133640
2015-08-02 00:00:00,98976
2015-08-03 00:00:00,98976
2015-08-04 00:00:00,132719
2015-08-05 00:00:00,132719
2015-08-06 00:00:00,132494
2015-08-07 00:00:00,132494
2015-08-08 00:00:00,104420
2015-08-09 00:00:00,104420
2015-08-10 00:00:00,110686
2015-08-11 00:00:00,110686
2015-08-12 00:00:00,115754
2015-08-13 00:00:00,115754
2015-08-14 00:00:00,107950
2015-08-15 00:00:00,107950
2015-08-16 00:00:00,86583
2015-08-17 00:00:00,86583
2015-08-18 00:00:00,120131
2015-08-19 00:00:00,120131
2015-08-20 00:00:00,116834
2015-08-21 00:00:00,116834
2015-08-22 00:00:00,107795
2015-08-23 00:00:00,107795
2015-08-24 00:00:00,117026
2015-08-25 00:00:00,117026
2015-08-26 00:00:00,125549
2015-08-27 00:00:00,125549
2015-08-28 00:00:00,121692
2015-08-29 00:00:00,121692
2015-08-30 00:00:00,92338
2015-08-31 00:00:00,92338
2015-09-01 00:00:00,140970
2015-09-02 00:00:00,140970
2015-09-03 00:00:00,137446
2015-09-04 00:00:00,137446
2015-09-05 00:00:00,137427
2015-09-06 00:00:00,137427
2015-09-07 00:00:00,119041
2015-09-08 00:00:00,119041
2015-09-09 00:00:00,128619
2015-09-10 00:00:00,128619
2015-09-11 00:00:00,165288
2015-09-12 00:00:00,165288
2015-09-13 00:00:00,139320
2015-09-14 00:00:00,139320
2015-09-15 00:00:00,165993
2015-09-16 00:00:00,165993
2015-09-17 00:00:00,241346
2015-09-18 00:00:00,241346
2015-09-19 00:00:00,117999
2015-09-20 00:00:00,117999
2015-09-21 00:00:00,124667
2015-09-22 00:00:00,124667
2015-09-23 00:00:00,134964
2015-09-24 00:00:00,134964
2015-09-25 00:00:00,130740
2015-09-26 00:00:00,130740
2015-09-27 00:00:00,107256
2015-09-28 00:00:00,107256
2015-09-29 00:00:00,139440
2015-09-30 00:00:00,139440
2015-10-01 00:00:00,135885
2015-10-02 00:00:00,135885
2015-10-03 00:00:00,132880
2015-10-04 00:00:00,132880
2015-10-05 00:00:00,117528
2015-10-06 00:00:00,117528
2015-10-07 00:00:00,139516
2015-10-08 00:00:00,139516
2015-10-09 00:00:00,119490
2015-10-10 00:00:00,119490
2015-10-11 00:00:00,105878
2015-10-12 00:00:00,105878
2015-10-13 00:00:00,133757
2015-10-14 00:00:00,133757
2015-10-15 00:00:00,157228
2015-10-16 00:00:00,157228
2015-10-17 00:00:00,139308
2015-10-18 00:00:00,139308
2015-10-19 00:00:00,136583
2015-10-20 00:00:00,136583
2015-10-21 00:00:00,161031
2015-10-22 00:00:00,161031
2015-10-23 00:00:00,146222
2015-10-24 00:00:00,146222
2015-10-25 00:00:00,128209
2015-10-26 00:00:00,128209
2015-10-27 00:00:00,141609
2015-10-28 00:00:00,141609
2015-10-29 00:00:00,165622
2015-10-30 00:00:00,165622
2015-10-31 00:00:00,155292
2015-11-01 00:00:00,155292
2015-11-02 00:00:00,159656
2015-11-03 00:00:00,159656
2015-11-04 00:00:00,211121
2015-11-05 00:00:00,211121
2015-11-06 00:00:00,165214
2015-11-07 00:00:00,165214
2015-11-08 00:00:00,134785
2015-11-09 00:00:00,134785
2015-11-10 00:00:00,154030
2015-11-11 00:00:00,154030
2015-11-12 00:00:00,154219
2015-11-13 00:00:00,154219
2015-11-14 00:00:00,156065
2015-11-15 00:00:00,156065
2015-11-16 00:00:00,150942
2015-11-17 00:00:00,150942
2015-11-18 00:00:00,168587
2015-11-19 00:00:00,168587
2015-11-20 00:00:00,155128
2015-11-21 00:00:00,155128
2015-11-22 00:00:00,126564
2015-11-23 00:00:00,126564
2015-11-24 00:00:00,150056
2015-11-25 00:00:00,150056
2015-11-26 00:00:00,164730
2015-11-27 00:00:00,164730
2015-11-28 00:00:00,171602
2015-11-29 00:00:00,171602
2015-11-30 00:00:00,172183
2015-12-01 00:00:00,172183
2015-12-02 00:00:00,177277
2015-12-03 00:00:00,177277
2015-12-04 00:00:00,160944
2015-12-05 00:00:00,160944
2015-12-06 00:00:00,179777
2015-12-07 00:00:00,179777
2015-12-08 00:00:00,192097
2015-12-09 00:00:00,192097
2015-12-10 00:00:00,211452
2015-12-11 00:00:00,211452
2015-12-12 00:00:00,211456
2015-12-13 00:00:00,211456
2015-12-14 00:00:00,221499
2015-12-15 00:00:00,221499
2015-12-16 00:00:00,222531
2015-12-17 00:00:00,222531
2015-12-18 00:00:00,214387
2015-12-19 00:00:00,214387
2015-12-20 00:00:00,191441
2015-12-21 00:00:00,191441
2015-12-22 00:00:00,223130
2015-12-23 00:00:00,223130
2015-12-24 00:00:00,227189
2015-12-25 00:00:00,227189
2015-12-26 00:00:00,170904
2015-12-27 00:00:00,170904
2015-12-28 00:00:00,166837
2015-12-29 00:00:00,166837
2015-12-30 00:00:00,181836
2015-12-31 00:00:00,181836
2016-01-01 00:00:00,123623
2016-01-02 00:00:00,123623
2016-01-03 00:00:00,141064
2016-01-04 00:00:00,141064
2016-01-05 00:00:00,187012
2016-01-06 00:00:00,187012
2016-01-07 00:00:00,177873
2016-01-08 00:00:00,177873
2016-01-09 00:00:00,178374
2016-01-10 00:00:00,178374
2016-01-11 00:00:00,179771
2016-01-12 00:00:00,179771
2016-01-13 00:00:00,191628
2016-01-14 00:00:00,191628
2016-01-15 00:00:00,185105
2016-01-16 00:00:00,185105
2016-01-17 00:00:00,192731
2016-01-18 00:00:00,192731
2016-01-19 00:00:00,205735
2016-01-20 00:00:00,205735
2016-01-21 00:00:00,210240
2016-01-22 00:00:00,210240
2016-01-23 00:00:00,200913
2016-01-24 00:00:00,200913
2016-01-25 00:00:00,210592
2016-01-26 00:00:00,210592
2016-01-27 00:00:00,226385
2016-01-28 00:00:00,226385
2016-01-29 00:00:00,222622
2016-01-30 00:00:00,222622
2016-01-31 00:00:00,168625
2016-02-01 00:00:00,168625
2016-02-02 00:00:00,231998
2016-02-03 00:00:00,231998
2016-02-04 00:00:00,201065
2016-02-05 00:00:00,201065
2016-02-06 00:00:00,232752
2016-02-07 00:00:00,232752
2016-02-08 00:00:00,220559
2016-02-09 00:00:00,220559
2016-02-10 00:00:00,233941
2016-02-11 00:00:00,233941
2016-02-12 00:00:00,202906
2016-02-13 00:00:00,202906
2016-02-14 00:00:00,188927
2016-02-15 00:00:00,188927
2016-02-16 00:00:00,218780
2016-02-17 00:00:00,218780
2016-02-18 00:00:00,212765
2016-02-19 00:00:00,212765
2016-02-20 00:00:00,225259
2016-02-21 00:00:00,225259
2016-02-22 00:00:00,224964
2016-02-23 00:00:00,224964
2016-02-24 00:00:00,225112
2016-02-25 00:00:00,225112
2016-02-26 00:00:00,209880
2016-02-27 00:00:00,209880
2016-02-28 00:00:00,224697
2016-02-29 00:00:00,224697
2016-03-01 00:00:00,260619
2016-03-02 00:00:00,260619
2016-03-03 00:00:00,221257
2016-03-04 00:00:00,221257
2016-03-05 00:00:00,238117
2016-03-06 00:00:00,238117
2016-03-07 00:00:00,183530
2016-03-08 00:00:00,183530
2016-03-09 00:00:00,187623
2016-03-10 00:00:00,187623
2016-03-11 00:00:00,193874
2016-03-12 00:00:00,193874
2016-03-13 00:00:00,141116
2016-03-14 00:00:00,141116
2016-03-15 00:00:00,197677
2016-03-16 00:00:00,197677
2016-03-17 00:00:00,206973
2016-03-18 00:00:00,206973
2016-03-19 00:00:00,188863
2016-03-20 00:00:00,188863
2016-03-21 00:00:00,189228
2016-03-22 00:00:00,189228
2016-03-23 00:00:00,187877
2016-03-24 00:00:00,187877
2016-03-25 00:00:00,173609
2016-03-26 00:00:00,173609
2016-03-27 00:00:00,161486
2016-03-28 00:00:00,161486
2016-03-29 00:00:00,191841
2016-03-30 00:00:00,191841
2016-03-31 00:00:00,208976
2016-04-01 00:00:00,208976
2016-04-02 00:00:00,196651
2016-04-03 00:00:00,196651
2016-04-04 00:00:00,200979
2016-04-05 00:00:00,200979
2016-04-06 00:00:00,218585
2016-04-07 00:00:00,218585
2016-04-08 00:00:00,215441
2016-04-09 00:00:00,215441
2016-04-10 00:00:00,181662
2016-04-11 00:00:00,181662
2016-04-12 00:00:00,240200
2016-04-13 00:00:00,240200
2016-04-14 00:00:00,230281
2016-04-15 00:00:00,230281
2016-04-16 00:00:00,192621
2016-04-17 00:00:00,192621
2016-04-18 00:00:00,203165
2016-04-19 00:00:00,203165
2016-04-20 00:00:00,216780
2016-04-21 00:00:00,216780
2016-04-22 00:00:00,210976
2016-04-23 00:00:00,210976
2016-04-24 00:00:00,183155
2016-04-25 00:00:00,183155
2016-04-26 00:00:00,250744
2016-04-27 00:00:00,250744
2016-04-28 00:00:00,247958
2016-04-29 00:00:00,247958
2016-04-30 00:00:00,215712
2016-05-01 00:00:00,215712
2016-05-02 00:00:00,223785
2016-05-03 00:00:00,223785
2016-05-04 00:00:00,233693
2016-05-05 00:00:00,233693
2016-05-06 00:00:00,233232
2016-05-07 00:00:00,233232
2016-05-08 00:00:00,185562
2016-05-09 00:00:00,185562
2016-05-10 00:00:00,245721
2016-05-11 00:00:00,245721
2016-05-12 00:00:00,228409
2016-05-13 00:00:00,228409
2016-05-14 00:00:00,211280
2016-05-15 00:00:00,211280
2016-05-16 00:00:00,239809
2016-05-17 00:00:00,239809
2016-05-18 00:00:00,235084
2016-05-19 00:00:00,235084
2016-05-20 00:00:00,209396
2016-05-21 00:00:00,209396
2016-05-22 00:00:00,184348
2016-05-23 00:00:00,184348
2016-05-24 00:00:00,246517
2016-05-25 00:00:00,246517
2016-05-26 00:00:00,220093
2016-05-27 00:00:00,220093
2016-05-28 00:00:00,193054
2016-05-29 00:00:00,193054
2016-05-30 00:00:00,211369
2016-05-31 00:00:00,211369
2016-06-01 00:00:00,234385
2016-06-02 00:00:00,234385
2016-06-03 00:00:00,234669
2016-06-04 00:00:00,234669
2016-06-05 00:00:00,190528
2016-06-06 00:00:00,190528
2016-06-07 00:00:00,248576
2016-06-08 00:00:00,248576
2016-06-09 00:00:00,236353
2016-06-10 00:00:00,236353
2016-06-11 00:00:00,213159
2016-06-12 00:00:00,213159
2016-06-13 00:00:00,251354
2016-06-14 00:00:00,251354
2016-06-15 00:00:00,262510
2016-06-16 00:00:00,262510
2016-06-17 00:00:00,253752
2016-06-18 00:00:00,253752
2016-06-19 00:00:00,218298
2016-06-20 00:00:00,218298
2016-06-21 00:00:00,248164
2016-06-22 00:00:00,248164
2016-06-23 00:00:00,241300
2016-06-24 00:00:00,241300
2016-06-25 00:00:00,210998
2016-06-26 00:00:00,210998
2016-06-27 00:00:00,217029
2016-06-28 00:00:00,217029
2016-06-29 00:00:00,224112
2016-06-30 00:00:00,224112
2016-07-01 00:00:00,210409
2016-07-02 00:00:00,210409
2016-07-03 00:00:00,177127
2016-07-04 00:00:00,177127
2016-07-05 00:00:00,214959
2016-07-06 00:00:00,214959
2016-07-07 00:00:00,216812
2016-07-08 00:00:00,216812
2016-07-09 00:00:00,185405
2016-07-10 00:00:00,185405
2016-07-11 00:00:00,218089
2016-07-12 00:00:00,218089
2016-07-13 00:00:00,218093
2016-07-14 00:00:00,218093
2016-07-15 00:00:00,216081
2016-07-16 00:00:00,216081
2016-07-17 00:00:00,171013
2016-07-18 00:00:00,171013
2016-07-19 00:00:00,222146
2016-07-20 00:00:00,222146
2016-07-21 00:00:00,217606
2016-07-22 00:00:00,217606
2016-07-23 00:00:00,195796
2016-07-24 00:00:00,195796
2016-07-25 00:00:00,240533
2016-07-26 00:00:00,240533
2016-07-27 00:00:00,235603
2016-07-28 00:00:00,235603
2016-07-29 00:00:00,231414
2016-07-30 00:00:00,231414
2016-07-31 00:00:00,192254
2016-08-01 00:00:00,192254
2016-08-02 00:00:00,252252
2016-08-03 00:00:00,252252
2016-08-04 00:00:00,231835
2016-08-05 00:00:00,231835
2016-08-06 00:00:00,196551
2016-08-07 00:00:00,196551
2016-08-08 00:00:00,236291
2016-08-09 00:00:00,236291
2016-08-10 00:00:00,245581
2016-08-11 00:00:00,245581
2016-08-12 00:00:00,232973
2016-08-13 00:00:00,232973
2016-08-14 00:00:00,200577
2016-08-15 00:00:00,200577
2016-08-16 00:00:00,256447
2016-08-17 00:00:00,256447
2016-08-18 00:00:00,239541
2016-08-19 00:00:00,239541
2016-08-20 00:00:00,210352
2016-08-21 00:00:00,210352
2016-08-22 00:00:00,229801
2016-08-23 00:00:00,229801
2016-08-24 00:00:00,237956
2016-08-25 00:00:00,237956
2016-08-26 00:00:00,226767
2016-08-27 00:00:00,226767
2016-08-28 00:00:00,174489
2016-08-29 00:00:00,174489
2016-08-30 00:00:00,254486
2016-08-31 00:00:00,254486
2016-09-01 00:00:00,238207
2016-09-02 00:00:00,238207
2016-09-03 00:00:00,182204
2016-09-04 00:00:00,182204
2016-09-05 00:00:00,227683
2016-09-06 00:00:00,227683
2016-09-07 00:00:00,250809
2016-09-08 00:00:00,250809
2016-09-09 00:00:00,222094
2016-09-10 00:00:00,222094
2016-09-11 00:00:00,180391
2016-09-12 00:00:00,180391
2016-09-13 00:00:00,241215
2016-09-14 00:00:00,241215
2016-09-15 00:00:00,233488
2016-09-16 00:00:00,233488
2016-09-17 00:00:00,215529
2016-09-18 00:00:00,215529
2016-09-19 00:00:00,223540
2016-09-20 00:00:00,223540
2016-09-21 00:00:00,239216
2016-09-22 00:00:00,239216
2016-09-23 00:00:00,223187
2016-09-24 00:00:00,223187
2016-09-25 00:00:00,197298
2016-09-26 00:00:00,197298
2016-09-27 00:00:00,243008
2016-09-28 00:00:00,243008
2016-09-29 00:00:00,242730
2016-09-30 00:00:00,242730
2016-10-01 00:00:00,213930
2016-10-02 00:00:00,213930
2016-10-03 00:00:00,260813
2016-10-04 00:00:00,260813
2016-10-05 00:00:00,266811
2016-10-06 00:00:00,266811
2016-10-07 00:00:00,268419
2016-10-08 00:00:00,268419
2016-10-09 00:00:00,210548
2016-10-10 00:00:00,210548
2016-10-11 00:00:00,263565
2016-10-12 00:00:00,263565
2016-10-13 00:00:00,229703
2016-10-14 00:00:00,229703
2016-10-15 00:00:00,210448
2016-10-16 00:00:00,210448
2016-10-17 00:00:00,237232
2016-10-18 00:00:00,237232
2016-10-19 00:00:00,201025
2016-10-20 00:00:00,201025
2016-10-21 00:00:00,265355
2016-10-22 00:00:00,265355
2016-10-23 00:00:00,191578
2016-10-24 00:00:00,191578
2016-10-25 00:00:00,237030
2016-10-26 00:00:00,237030
2016-10-27 00:00:00,326388
2016-10-28 00:00:00,326388
2016-10-29 00:00:00,229689
2016-10-30 00:00:00,229689
2016-10-31 00:00:00,241778
2016-11-01 00:00:00,241778
2016-11-02 00:00:00,268418
2016-11-03 00:00:00,268418
2016-11-04 00:00:00,248043
2016-11-05 00:00:00,248043
2016-11-06 00:00:00,228420
2016-11-07 00:00:00,228420
2016-11-08 00:00:00,296060
2016-11-09 00:00:00,296060
2016-11-10 00:00:00,271374
2016-11-11 00:00:00,271374
2016-11-12 00:00:00,228886
2016-11-13 00:00:00,228886
2016-11-14 00:00:00,270506
2016-11-15 00:00:00,270506
2016-11-16 00:00:00,291186
2016-11-17 00:00:00,291186
2016-11-18 00:00:00,275925
2016-11-19 00:00:00,275925
2016-11-20 00:00:00,246537
2016-11-21 00:00:00,246537
2016-11-22 00:00:00,285635
2016-11-23 00:00:00,285635
2016-11-24 00:00:00,333466
2016-11-25 00:00:00,333466
2016-11-26 00:00:00,279374
2016-11-27 00:00:00,279374
2016-11-28 00:00:00,298530
2016-11-29 00:00:00,298530
2016-11-30 00:00:00,292654
2016-12-01 00:00:00,292654
2016-12-02 00:00:00,318263
2016-12-03 00:00:00,318263
2016-12-04 00:00:00,245650
2016-12-05 00:00:00,245650
2016-12-06 00:00:00,319762
2016-12-07 00:00:00,319762
2016-12-08 00:00:00,282711
2016-12-09 00:00:00,282711
2016-12-10 00:00:00,250241
2016-12-11 00:00:00,250241
2016-12-12 00:00:00,268662
2016-12-13 00:00:00,268662
2016-12-14 00:00:00,286328
2016-12-15 00:00:00,286328
2016-12-16 00:00:00,279361
2016-12-17 00:00:00,279361
2016-12-18 00:00:00,235789
2016-12-19 00:00:00,235789
2016-12-20 00:00:00,296473
2016-12-21 00:00:00,296473
2016-12-22 00:00:00,314644
2016-12-23 00:00:00,314644
2016-12-24 00:00:00,240820
2016-12-25 00:00:00,240820
2016-12-26 00:00:00,244914
2016-12-27 00:00:00,244914
2016-12-28 00:00:00,305394
2016-12-29 00:00:00,305394
2016-12-30 00:00:00,286818
2016-12-31 00:00:00,286818
2017-01-01 00:00:00,180502
2017-01-02 00:00:00,180502
2017-01-03 00:00:00,301664
2017-01-04 00:00:00,301664
2017-01-05 00:00:00,288501
2017-01-06 00:00:00,288501
2017-01-07 00:00:00,284719
2017-01-08 00:00:00,284719
2017-01-09 00:00:00,269947
2017-01-10 00:00:00,269947
2017-01-11 00:00:00,303058
2017-01-12 00:00:00,303058
2017-01-13 00:00:00,275149
2017-01-14 00:00:00,275149
2017-01-15 00:00:00,235999
2017-01-16 00:00:00,235999
2017-01-17 00:00:00,292697
2017-01-18 00:00:00,292697
2017-01-19 00:00:00,300605
2017-01-20 00:00:00,300605
2017-01-21 00:00:00,263562
2017-01-22 00:00:00,263562
2017-01-23 00:00:00,236692
2017-01-24 00:00:00,236692
2017-01-25 00:00:00,305961
2017-01-26 00:00:00,305961
2017-01-27 00:00:00,263332
2017-01-28 00:00:00,263332
2017-01-29 00:00:00,241627
2017-01-30 00:00:00,241627
2017-01-31 00:00:00,307683
2017-02-01 00:00:00,307683
2017-02-02 00:00:00,259559
2017-02-03 00:00:00,259559
2017-02-04 00:00:00,286326
2017-02-05 00:00:00,286326
2017-02-06 00:00:00,230027
2017-02-07 00:00:00,230027
2017-02-08 00:00:00,308316
2017-02-09 00:00:00,308316
2017-02-10 00:00:00,304456
2017-02-11 00:00:00,304456
2017-02-12 00:00:00,238182
2017-02-13 00:00:00,238182
2017-02-14 00:00:00,315084
2017-02-15 00:00:00,315084
2017-02-16 00:00:00,285329
2017-02-17 00:00:00,285329
2017-02-18 00:00:00,288149
2017-02-19 00:00:00,288149
2017-02-20 00:00:00,282728
2017-02-21 00:00:00,282728
2017-02-22 00:00:00,284024
2017-02-23 00:00:00,284024
2017-02-24 00:00:00,350751
2017-02-25 00:00:00,350751
2017-02-26 00:00:00,265203
2017-02-27 00:00:00,265203
2017-02-28 00:00:00,325414
2017-03-01 00:00:00,325414
2017-03-02 00:00:00,329428
2017-03-03 00:00:00,329428
2017-03-04 00:00:00,268875
2017-03-05 00:00:00,268875
2017-03-06 00:00:00,287731
2017-03-07 00:00:00,287731
2017-03-08 00:00:00,297108
2017-03-09 00:00:00,297108
2017-03-10 00:00:00,308482
2017-03-11 00:00:00,308482
2017-03-12 00:00:00,221110
2017-03-13 00:00:00,221110
2017-03-14 00:00:00,310395
2017-03-15 00:00:00,310395
2017-03-16 00:00:00,327034
2017-03-17 00:00:00,327034
2017-03-18 00:00:00,263530
2017-03-19 00:00:00,263530
2017-03-20 00:00:00,277033
2017-03-21 00:00:00,277033
2017-03-22 00:00:00,320713
2017-03-23 00:00:00,320713
2017-03-24 00:00:00,289521
2017-03-25 00:00:00,289521
2017-03-26 00:00:00,221915
2017-03-27 00:00:00,221915
2017-03-28 00:00:00,294001
2017-03-29 00:00:00,294001
2017-03-30 00:00:00,288788
2017-03-31 00:00:00,288788
2017-04-01 00:00:00,255871
2017-04-02 00:00:00,255871
2017-04-03 00:00:00,288141
2017-04-04 00:00:00,288141
2017-04-05 00:00:00,316555
2017-04-06 00:00:00,316555
2017-04-07 00:00:00,295463
2017-04-08 00:00:00,295463
2017-04-09 00:00:00,238286
2017-04-10 00:00:00,238286
2017-04-11 00:00:00,307893
2017-04-12 00:00:00,307893
2017-04-13 00:00:00,228679
2017-04-14 00:00:00,228679
2017-04-15 00:00:00,271976
2017-04-16 00:00:00,271976
2017-04-17 00:00:00,245184
2017-04-18 00:00:00,245184
2017-04-19 00:00:00,310104
2017-04-20 00:00:00,310104
2017-04-21 00:00:00,330354
2017-04-22 00:00:00,330354
2017-04-23 00:00:00,245039
2017-04-24 00:00:00,245039
2017-04-25 00:00:00,325387
2017-04-26 00:00:00,325387
2017-04-27 00:00:00,297884
2017-04-28 00:00:00,297884
2017-04-29 00:00:00,341319
2017-04-30 00:00:00,341319
2017-05-01 00:00:00,294786
2017-05-02 00:00:00,294786
2017-05-03 00:00:00,295149
2017-05-04 00:00:00,295149
2017-05-05 00:00:00,267193
2017-05-06 00:00:00,267193
2017-05-07 00:00:00,316011
2017-05-08 00:00:00,316011
2017-05-09 00:00:00,332879
2017-05-10 00:00:00,332879
2017-05-11 00:00:00,294743
2017-05-12 00:00:00,294743
2017-05-13 00:00:00,329266
2017-05-14 00:00:00,329266
2017-05-15 00:00:00,329229
2017-05-16 00:00:00,329229
2017-05-17 00:00:00,317527
2017-05-18 00:00:00,317527
2017-05-19 00:00:00,319502
2017-05-20 00:00:00,319502
2017-05-21 00:00:00,326057
2017-05-22 00:00:00,326057
2017-05-23 00:00:00,367710
2017-05-24 00:00:00,367710
2017-05-25 00:00:00,350114
2017-05-26 00:00:00,350114
2017-05-27 00:00:00,331914
2017-05-28 00:00:00,331914
2017-05-29 00:00:00,321638
2017-05-30 00:00:00,321638
2017-05-31 00:00:00,321634
2017-06-01 00:00:00,321634
2017-06-02 00:00:00,271539
2017-06-03 00:00:00,271539
2017-06-04 00:00:00,266044
2017-06-05 00:00:00,266044
2017-06-06 00:00:00,297416
2017-06-07 00:00:00,297416
2017-06-08 00:00:00,307377
2017-06-09 00:00:00,307377
2017-06-10 00:00:00,254993
2017-06-11 00:00:00,254993
2017-06-12 00:00:00,269098
2017-06-13 00:00:00,269098
2017-06-14 00:00:00,287644
2017-06-15 00:00:00,287644
2017-06-16 00:00:00,269937
2017-06-17 00:00:00,269937
2017-06-18 00:00:00,209359
2017-06-19 00:00:00,209359
2017-06-20 00:00:00,269438
2017-06-21 00:00:00,269438
2017-06-22 00:00:00,269685
2017-06-23 00:00:00,269685
2017-06-24 00:00:00,227127
2017-06-25 00:00:00,227127
2017-06-26 00:00:00,261906
2017-06-27 00:00:00,261906
2017-06-28 00:00:00,279811
2017-06-29 00:00:00,279811
2017-06-30 00:00:00,267360
2017-07-01 00:00:00,267360
2017-07-02 00:00:00,196539
2017-07-03 00:00:00,196539
2017-07-04 00:00:00,255483
2017-07-05 00:00:00,255483
2017-07-06 00:00:00,225106
2017-07-07 00:00:00,225106
2017-07-08 00:00:00,220835
2017-07-09 00:00:00,220835
2017-07-10 00:00:00,251722
2017-07-11 00:00:00,251722
2017-07-12 00:00:00,257138
2017-07-13 00:00:00,257138
2017-07-14 00:00:00,227903
2017-07-15 00:00:00,227903
2017-07-16 00:00:00,203165
2017-07-17 00:00:00,203165
2017-07-18 00:00:00,260575
2017-07-19 00:00:00,260575
2017-07-20 00:00:00,230199
2017-07-21 00:00:00,230199
2017-07-22 00:00:00,223358
2017-07-23 00:00:00,223358
2017-07-24 00:00:00,240072
2017-07-25 00:00:00,240072
2017-07-26 00:00:00,237853
2017-07-27 00:00:00,237853
2017-07-28 00:00:00,247207
2017-07-29 00:00:00,247207
2017-07-30 00:00:00,184145
2017-07-31 00:00:00,184145
2017-08-01 00:00:00,131875
2017-08-02 00:00:00,131875
2017-08-03 00:00:00,213017
2017-08-04 00:00:00,213017
2017-08-05 00:00:00,239771
2017-08-06 00:00:00,239771
2017-08-07 00:00:00,249002
2017-08-08 00:00:00,249002
2017-08-09 00:00:00,260955
2017-08-10 00:00:00,260955
2017-08-11 00:00:00,284001
2017-08-12 00:00:00,284001
2017-08-13 00:00:00,263310
2017-08-14 00:00:00,263310
2017-08-15 00:00:00,311002
2017-08-16 00:00:00,311002
2017-08-17 00:00:00,347319
2017-08-18 00:00:00,347319
2017-08-19 00:00:00,266832
2017-08-20 00:00:00,266832
2017-08-21 00:00:00,236772
2017-08-22 00:00:00,236772
2017-08-23 00:00:00,315734
2017-08-24 00:00:00,315734
2017-08-25 00:00:00,208169
2017-08-26 00:00:00,208169
2017-08-27 00:00:00,261891
2017-08-28 00:00:00,261891
2017-08-29 00:00:00,281116
2017-08-30 00:00:00,281116
2017-08-31 00:00:00,280724
2017-09-01 00:00:00,280724
2017-09-02 00:00:00,236811
2017-09-03 00:00:00,236811
2017-09-04 00:00:00,269280
2017-09-05 00:00:00,269280
2017-09-06 00:00:00,276225
2017-09-07 00:00:00,276225
2017-09-08 00:00:00,279488
2017-09-09 00:00:00,279488
2017-09-10 00:00:00,193240
2017-09-11 00:00:00,193240
2017-09-12 00:00:00,256230
2017-09-13 00:00:00,256230
2017-09-14 00:00:00,268068
2017-09-15 00:00:00,268068
2017-09-16 00:00:00,228257
2017-09-17 00:00:00,228257
2017-09-18 00:00:00,218204
2017-09-19 00:00:00,218204
2017-09-20 00:00:00,235723
2017-09-21 00:00:00,235723
2017-09-22 00:00:00,227615
2017-09-23 00:00:00,227615
2017-09-24 00:00:00,185277
2017-09-25 00:00:00,185277
2017-09-26 00:00:00,263648
2017-09-27 00:00:00,263648
2017-09-28 00:00:00,275976
2017-09-29 00:00:00,275976
2017-09-30 00:00:00,212678
2017-10-01 00:00:00,212678
2017-10-02 00:00:00,295002
2017-10-03 00:00:00,295002
2017-10-04 00:00:00,232826
2017-10-05 00:00:00,232826
2017-10-06 00:00:00,283699
2017-10-07 00:00:00,283699
2017-10-08 00:00:00,238385
2017-10-09 00:00:00,238385
2017-10-10 00:00:00,303101
2017-10-11 00:00:00,303101
2017-10-12 00:00:00,293164
2017-10-13 00:00:00,293164
2017-10-14 00:00:00,293140
2017-10-15 00:00:00,293140
2017-10-16 00:00:00,314725
2017-10-17 00:00:00,314725
2017-10-18 00:00:00,329579
2017-10-19 00:00:00,329579
2017-10-20 00:00:00,312409
2017-10-21 00:00:00,312409
2017-10-22 00:00:00,289131
2017-10-23 00:00:00,289131
2017-10-24 00:00:00,347220
2017-10-25 00:00:00,347220
2017-10-26 00:00:00,265827
2017-10-27 00:00:00,265827
2017-10-28 00:00:00,207066
2017-10-29 00:00:00,207066
2017-10-30 00:00:00,316077
2017-10-31 00:00:00,316077
2017-11-01 00:00:00,241788
2017-11-02 00:00:00,241788
2017-11-03 00:00:00,277598
2017-11-04 00:00:00,277598
2017-11-05 00:00:00,251728
2017-11-06 00:00:00,251728
2017-11-07 00:00:00,335636
2017-11-08 00:00:00,335636
2017-11-09 00:00:00,341281
2017-11-10 00:00:00,341281
2017-11-11 00:00:00,194634
2017-11-12 00:00:00,194634
2017-11-13 00:00:00,309299
2017-11-14 00:00:00,309299
2017-11-15 00:00:00,321788
2017-11-16 00:00:00,321788
2017-11-17 00:00:00,306617
2017-11-18 00:00:00,306617
2017-11-19 00:00:00,264855
2017-11-20 00:00:00,264855
2017-11-21 00:00:00,371091
2017-11-22 00:00:00,371091
2017-11-23 00:00:00,352207
2017-11-24 00:00:00,352207
2017-11-25 00:00:00,336689
2017-11-26 00:00:00,336689
2017-11-27 00:00:00,379256
2017-11-28 00:00:00,379256
2017-11-29 00:00:00,398090
2017-11-30 00:00:00,398090
2017-12-01 00:00:00,412908
2017-12-02 00:00:00,412908
2017-12-03 00:00:00,353044
2017-12-04 00:00:00,353044
2017-12-05 00:00:00,405709
2017-12-06 00:00:00,405709
2017-12-07 00:00:00,372345
2017-12-08 00:00:00,372345
2017-12-09 00:00:00,403399
2017-12-10 00:00:00,403399
2017-12-11 00:00:00,368598
2017-12-12 00:00:00,368598
2017-12-13 00:00:00,424579
2017-12-14 00:00:00,424579
2017-12-15 00:00:00,405676
2017-12-16 00:00:00,405676
2017-12-17 00:00:00,391910
2017-12-18 00:00:00,391910
2017-12-19 00:00:00,378622
2017-12-20 00:00:00,378622
2017-12-21 00:00:00,335482
2017-12-22 00:00:00,335482
2017-12-23 00:00:00,308211
2017-12-24 00:00:00,308211
2017-12-25 00:00:00,228926
2017-12-26 00:00:00,228926
2017-12-27 00:00:00,307642
2017-12-28 00:00:00,307642
2017-12-29 00:00:00,353824
2017-12-30 00:00:00,353824
2017-12-31 00:00:00,290422
2018-01-01 00:00:00,290422
2018-01-02 00:00:00,340980
2018-01-03 00:00:00,340980
2018-01-04 00:00:00,425008
2018-01-05 00:00:00,425008
2018-01-06 00:00:00,358847
2018-01-07 00:00:00,358847
2018-01-08 00:00:00,345672
2018-01-09 00:00:00,345672
2018-01-10 00:00:00,347393
2018-01-11 00:00:00,347393
2018-01-12 00:00:00,300091
2018-01-13 00:00:00,300091
2018-01-14 00:00:00,235045
2018-01-15 00:00:00,235045
2018-01-16 00:00:00,303725
2018-01-17 00:00:00,303725
2018-01-18 00:00:00,309495
2018-01-19 00:00:00,309495
2018-01-20 00:00:00,240611
2018-01-21 00:00:00,240611
2018-01-22 00:00:00,245562
2018-01-23 00:00:00,245562
2018-01-24 00:00:00,250423
2018-01-25 00:00:00,250423
2018-01-26 00:00:00,220459
2018-01-27 00:00:00,220459
2018-01-28 00:00:00,213446
2018-01-29 00:00:00,213446
2018-01-30 00:00:00,236609
2018-01-31 00:00:00,236609
2018-02-01 00:00:00,257664
2018-02-02 00:00:00,257664
2018-02-03 00:00:00,194891
2018-02-04 00:00:00,194891
2018-02-05 00:00:00,216363
2018-02-06 00:00:00,216363
2018-02-07 00:00:00,213719
2018-02-08 00:00:00,213719
2018-02-09 00:00:00,177860
2018-02-10 00:00:00,177860
2018-02-11 00:00:00,147208
2018-02-12 00:00:00,147208
2018-02-13 00:00:00,182984
2018-02-14 00:00:00,182984
2018-02-15 00:00:00,198183
2018-02-16 00:00:00,198183
2018-02-17 00:00:00,173789
2018-02-18 00:00:00,173789
2018-02-19 00:00:00,187367
2018-02-20 00:00:00,187367
2018-02-21 00:00:00,205201
2018-02-22 00:00:00,205201
2018-02-23 00:00:00,185193
2018-02-24 00:00:00,185193
2018-02-25 00:00:00,144869
2018-02-26 00:00:00,144869
2018-02-27 00:00:00,219624
2018-02-28 00:00:00,219624
2018-03-01 00:00:00,233744
2018-03-02 00:00:00,233744
2018-03-03 00:00:00,177024
2018-03-04 00:00:00,177024
2018-03-05 00:00:00,201438
2018-03-06 00:00:00,201438
2018-03-07 00:00:00,213978
2018-03-08 00:00:00,213978
2018-03-09 00:00:00,198180
2018-03-10 00:00:00,198180
2018-03-11 00:00:00,150884
2018-03-12 00:00:00,150884
2018-03-13 00:00:00,196140
2018-03-14 00:00:00,196140
2018-03-15 00:00:00,206186
2018-03-16 00:00:00,206186
2018-03-17 00:00:00,154496
2018-03-18 00:00:00,154496
2018-03-19 00:00:00,191528
2018-03-20 00:00:00,191528
2018-03-21 00:00:00,194846
2018-03-22 00:00:00,194846
2018-03-23 00:00:00,179818
2018-03-24 00:00:00,179818
2018-03-25 00:00:00,135274
2018-03-26 00:00:00,135274
2018-03-27 00:00:00,187065
2018-03-28 00:00:00,187065
2018-03-29 00:00:00,192411
2018-03-30 00:00:00,192411
2018-03-31 00:00:00,148617
2018-04-01 00:00:00,148617
2018-04-02 00:00:00,168178
2018-04-03 00:00:00,168178
2018-04-04 00:00:00,185710
2018-04-05 00:00:00,185710
2018-04-06 00:00:00,172889
2018-04-07 00:00:00,172889
2018-04-08 00:00:00,138535
2018-04-09 00:00:00,138535
2018-04-10 00:00:00,186415
2018-04-11 00:00:00,186415
2018-04-12 00:00:00,210879
2018-04-13 00:00:00,210879
2018-04-14 00:00:00,161843
2018-04-15 00:00:00,161843
2018-04-16 00:00:00,196106
2018-04-17 00:00:00,196106
2018-04-18 00:00:00,200740
2018-04-19 00:00:00,200740
2018-04-20 00:00:00,207777
2018-04-21 00:00:00,207777
2018-04-22 00:00:00,171870
2018-04-23 00:00:00,171870
2018-04-24 00:00:00,254493
2018-04-25 00:00:00,254493
2018-04-26 00:00:00,216732
2018-04-27 00:00:00,216732
2018-04-28 00:00:00,203681
2018-04-29 00:00:00,203681
2018-04-30 00:00:00,215107
2018-05-01 00:00:00,215107
2018-05-02 00:00:00,212296
2018-05-03 00:00:00,212296
2018-05-04 00:00:00,219069
2018-05-05 00:00:00,219069
2018-05-06 00:00:00,171761
2018-05-07 00:00:00,171761
2018-05-08 00:00:00,217810
2018-05-09 00:00:00,217810
2018-05-10 00:00:00,208961
2018-05-11 00:00:00,208961
2018-05-12 00:00:00,182054
2018-05-13 00:00:00,182054
2018-05-14 00:00:00,209697
2018-05-15 00:00:00,209697
2018-05-16 00:00:00,208463
2018-05-17 00:00:00,208463
2018-05-18 00:00:00,211496
2018-05-19 00:00:00,211496
2018-05-20 00:00:00,158663
2018-05-21 00:00:00,158663
2018-05-22 00:00:00,203337
2018-05-23 00:00:00,203337
2018-05-24 00:00:00,206825
2018-05-25 00:00:00,206825
2018-05-26 00:00:00,158783
2018-05-27 00:00:00,158783
2018-05-28 00:00:00,189063
2018-05-29 00:00:00,189063
2018-05-30 00:00:00,204077
2018-05-31 00:00:00,204077
2018-06-01 00:00:00,205481
2018-06-02 00:00:00,205481
2018-06-03 00:00:00,163443
2018-06-04 00:00:00,163443
2018-06-05 00:00:00,212901
2018-06-06 00:00:00,212901
2018-06-07 00:00:00,207627
2018-06-08 00:00:00,207627
2018-06-09 00:00:00,171306
2018-06-10 00:00:00,171306
2018-06-11 00:00:00,213196
2018-06-12 00:00:00,213196
2018-06-13 00:00:00,211829
2018-06-14 00:00:00,211829
2018-06-15 00:00:00,205861
2018-06-16 00:00:00,205861
2018-06-17 00:00:00,144908
2018-06-18 00:00:00,144908
2018-06-19 00:00:00,191805
2018-06-20 00:00:00,191805
2018-06-21 00:00:00,198113
2018-06-22 00:00:00,198113
2018-06-23 00:00:00,163295
2018-06-24 00:00:00,163295
2018-06-25 00:00:00,200173
2018-06-26 00:00:00,200173
2018-06-27 00:00:00,188510
2018-06-28 00:00:00,188510
2018-06-29 00:00:00,197881
2018-06-30 00:00:00,197881
2018-07-01 00:00:00,156247
2018-07-02 00:00:00,156247
2018-07-03 00:00:00,216747
2018-07-04 00:00:00,216747
2018-07-05 00:00:00,199600
2018-07-06 00:00:00,199600
2018-07-07 00:00:00,170160
2018-07-08 00:00:00,170160
2018-07-09 00:00:00,206546
2018-07-10 00:00:00,206546
2018-07-11 00:00:00,202603
2018-07-12 00:00:00,202603
2018-07-13 00:00:00,207904
2018-07-14 00:00:00,207904
2018-07-15 00:00:00,161151
2018-07-16 00:00:00,161151
2018-07-17 00:00:00,233966
2018-07-18 00:00:00,233966
2018-07-19 00:00:00,225039
2018-07-20 00:00:00,225039
2018-07-21 00:00:00,184803
2018-07-22 00:00:00,184803
2018-07-23 00:00:00,229480
2018-07-24 00:00:00,229480
2018-07-25 00:00:00,250208
2018-07-26 00:00:00,250208
2018-07-27 00:00:00,229397
2018-07-28 00:00:00,229397
2018-07-29 00:00:00,168407
2018-07-30 00:00:00,168407
2018-07-31 00:00:00,242977
2018-08-01 00:00:00,242977
2018-08-02 00:00:00,224873
2018-08-03 00:00:00,224873
2018-08-04 00:00:00,191657
2018-08-05 00:00:00,191657
2018-08-06 00:00:00,218607
2018-08-07 00:00:00,218607
2018-08-08 00:00:00,235311
2018-08-09 00:00:00,235311
2018-08-10 00:00:00,226148
2018-08-11 00:00:00,226148
2018-08-12 00:00:00,165044
2018-08-13 00:00:00,165044
2018-08-14 00:00:00,247622
2018-08-15 00:00:00,247622
2018-08-16 00:00:00,232335
2018-08-17 00:00:00,232335
2018-08-18 00:00:00,190935
2018-08-19 00:00:00,190935
2018-08-20 00:00:00,214983
2018-08-21 00:00:00,214983
2018-08-22 00:00:00,230333
2018-08-23 00:00:00,230333
2018-08-24 00:00:00,219848
2018-08-25 00:00:00,219848
2018-08-26 00:00:00,172747
2018-08-27 00:00:00,172747
2018-08-28 00:00:00,238039
2018-08-29 00:00:00,238039
2018-08-30 00:00:00,231391
2018-08-31 00:00:00,231391
2018-09-01 00:00:00,213331
2018-09-02 00:00:00,213331
2018-09-03 00:00:00,222897
2018-09-04 00:00:00,222897
2018-09-05 00:00:00,246477
2018-09-06 00:00:00,246477
2018-09-07 00:00:00,230790
2018-09-08 00:00:00,230790
2018-09-09 00:00:00,188912
2018-09-10 00:00:00,188912
2018-09-11 00:00:00,237571
2018-09-12 00:00:00,237571
2018-09-13 00:00:00,234209
2018-09-14 00:00:00,234209
2018-09-15 00:00:00,211071
2018-09-16 00:00:00,211071
2018-09-17 00:00:00,240152
2018-09-18 00:00:00,240152
2018-09-19 00:00:00,251037
2018-09-20 00:00:00,251037
2018-09-21 00:00:00,273051
2018-09-22 00:00:00,273051
2018-09-23 00:00:00,200319
2018-09-24 00:00:00,200319
2018-09-25 00:00:00,252113
2018-09-26 00:00:00,252113
2018-09-27 00:00:00,248686
2018-09-28 00:00:00,248686
2018-09-29 00:00:00,218339
2018-09-30 00:00:00,218339
2018-10-01 00:00:00,242820
2018-10-02 00:00:00,242820
2018-10-03 00:00:00,242303
2018-10-04 00:00:00,242303
2018-10-05 00:00:00,244719
2018-10-06 00:00:00,244719
2018-10-07 00:00:00,219731
2018-10-08 00:00:00,219731
2018-10-09 00:00:00,235862
2018-10-10 00:00:00,235862
2018-10-11 00:00:00,262467
2018-10-12 00:00:00,262467
2018-10-13 00:00:00,205097
2018-10-14 00:00:00,205097
2018-10-15 00:00:00,266945
2018-10-16 00:00:00,266945
2018-10-17 00:00:00,260362
2018-10-18 00:00:00,260362
2018-10-19 00:00:00,253826
2018-10-20 00:00:00,253826
2018-10-21 00:00:00,211505
2018-10-22 00:00:00,211505
2018-10-23 00:00:00,253463
2018-10-24 00:00:00,253463
2018-10-25 00:00:00,254599
2018-10-26 00:00:00,254599
2018-10-27 00:00:00,233749
2018-10-28 00:00:00,233749
2018-10-29 00:00:00,269754
2018-10-30 00:00:00,269754
2018-10-31 00:00:00,288283
2018-11-01 00:00:00,288283
2018-11-02 00:00:00,292704
2018-11-03 00:00:00,292704
2018-11-04 00:00:00,226247
2018-11-05 00:00:00,226247
2018-11-06 00:00:00,285451
2018-11-07 00:00:00,285451
2018-11-08 00:00:00,277597
2018-11-09 00:00:00,277597
2018-11-10 00:00:00,252499
2018-11-11 00:00:00,252499
2018-11-12 00:00:00,300006
2018-11-13 00:00:00,300006
2018-11-14 00:00:00,292755
2018-11-15 00:00:00,292755
2018-11-16 00:00:00,283124
2018-11-17 00:00:00,283124
2018-11-18 00:00:00,239803
2018-11-19 00:00:00,239803
2018-11-20 00:00:00,288450
2018-11-21 00:00:00,288450
2018-11-22 00:00:00,266116
2018-11-23 00:00:00,266116
2018-11-24 00:00:00,250017
2018-11-25 00:00:00,250017
2018-11-26 00:00:00,257062
2018-11-27 00:00:00,257062
2018-11-28 00:00:00,254456
2018-11-29 00:00:00,254456
2018-11-30 00:00:00,250157
2018-12-01 00:00:00,250157
2018-12-02 00:00:00,222673
2018-12-03 00:00:00,222673
2018-12-04 00:00:00,270189
2018-12-05 00:00:00,270189
2018-12-06 00:00:00,279654
2018-12-07 00:00:00,279654
2018-12-08 00:00:00,231104
2018-12-09 00:00:00,231104
2018-12-10 00:00:00,258353
2018-12-11 00:00:00,258353
2018-12-12 00:00:00,261423
2018-12-13 00:00:00,261423
2018-12-14 00:00:00,275801
2018-12-15 00:00:00,275801
2018-12-16 00:00:00,226453
2018-12-17 00:00:00,226453
2018-12-18 00:00:00,266245
2018-12-19 00:00:00,266245
2018-12-20 00:00:00,287273
2018-12-21 00:00:00,287273
2018-12-22 00:00:00,251216
2018-12-23 00:00:00,251216
2018-12-24 00:00:00,272297
2018-12-25 00:00:00,272297
2018-12-26 00:00:00,281305
2018-12-27 00:00:00,281305
2018-12-28 00:00:00,308267
2018-12-29 00:00:00,308267
2018-12-30 00:00:00,267639
2018-12-31 00:00:00,267639
2019-01-01 00:00:00,234725
2019-01-02 00:00:00,234725
2019-01-03 00:00:00,291016
2019-01-04 00:00:00,291016
2019-01-05 00:00:00,265192
2019-01-06 00:00:00,265192
2019-01-07 00:00:00,284782
2019-01-08 00:00:00,284782
2019-01-09 00:00:00,319056
2019-01-10 00:00:00,319056
2019-01-11 00:00:00,308372
2019-01-12 00:00:00,308372
2019-01-13 00:00:00,276997
2019-01-14 00:00:00,276997
2019-01-15 00:00:00,302279
2019-01-16 00:00:00,302279
2019-01-17 00:00:00,296695
2019-01-18 00:00:00,296695
2019-01-19 00:00:00,282188
2019-01-20 00:00:00,282188
2019-01-21 00:00:00,315202
2019-01-22 00:00:00,315202
2019-01-23 00:00:00,293494
2019-01-24 00:00:00,293494
2019-01-25 00:00:00,301085
2019-01-26 00:00:00,301085
2019-01-27 00:00:00,276651
2019-01-28 00:00:00,276651
2019-01-29 00:00:00,326162
2019-01-30 00:00:00,326162
2019-01-31 00:00:00,353945
2019-02-01 00:00:00,353945
2019-02-02 00:00:00,322032
2019-02-03 00:00:00,322032
2019-02-04 00:00:00,335288
2019-02-05 00:00:00,335288
2019-02-06 00:00:00,349596
2019-02-07 00:00:00,349596
2019-02-08 00:00:00,335280
2019-02-09 00:00:00,335280
2019-02-10 00:00:00,299609
2019-02-11 00:00:00,299609
