2018-02-11 12:53:00,1.5166666666666666
2018-02-11 18:43:00,1.9333333333333333
2018-02-12 00:33:00,1.5
2018-02-12 06:23:00,1.4666666666666666
2018-02-12 12:13:00,2.65
2018-02-12 18:03:00,2.3833333333333333
2018-02-12 23:53:00,2.8333333333333335
2018-02-13 05:43:00,1.6833333333333333
2018-02-13 11:33:00,2.0
2018-02-13 17:23:00,2.783333333333333
2018-02-13 23:13:00,2.066666666666667
2018-02-14 05:03:00,2.05
2018-02-14 13:13:00,2.566666666666667
2018-02-14 19:03:00,2.3666666666666667
2018-02-15 00:53:00,2.4
2018-02-15 06:43:00,1.6
2018-02-15 12:33:00,1.9166666666666667
2018-02-15 18:23:00,3.0833333333333335
2018-02-16 00:13:00,1.8833333333333333
2018-02-16 06:03:00,1.5333333333333334
2018-02-16 11:53:00,2.15
2018-02-16 17:43:00,2.316666666666667
2018-02-16 23:33:00,1.9
2018-02-17 05:23:00,1.45
2018-02-17 11:13:00,1.6
2018-02-17 17:03:00,3.3333333333333335
2018-02-17 22:53:00,1.6333333333333333
2018-02-18 04:43:00,2.15
2018-02-18 10:33:00,1.2833333333333334
2018-02-18 16:23:00,1.85
2018-02-18 22:13:00,2.25
2018-02-19 04:03:00,1.7
2018-02-19 09:53:00,1.8333333333333333
2018-02-19 15:43:00,2.6166666666666667
2018-02-19 21:33:00,2.3333333333333335
2018-02-20 03:23:00,2.033333333333333
2018-02-20 09:13:00,2.1
2018-02-20 15:03:00,2.783333333333333
2018-02-20 20:53:00,2.8666666666666667
2018-02-21 02:43:00,1.8833333333333333
2018-02-21 08:33:00,2.1166666666666667
2018-02-21 14:23:00,2.533333333333333
2018-02-21 20:13:00,2.3833333333333333
2018-02-22 02:03:00,2.45
2018-02-22 07:53:00,1.8
2018-02-22 13:43:00,2.6666666666666665
2018-02-22 19:33:00,2.1333333333333333
2018-02-23 01:23:00,1.75
2018-02-23 07:13:00,2.033333333333333
2018-02-23 13:03:00,2.4833333333333334
2018-02-23 18:53:00,2.65
2018-02-24 00:43:00,1.7666666666666666
2018-02-24 06:33:00,1.3833333333333333
2018-02-24 12:23:00,2.283333333333333
2018-02-24 18:13:00,1.8166666666666667
2018-02-25 00:03:00,1.65
2018-02-25 05:53:00,1.1833333333333333
2018-02-25 11:43:00,1.2833333333333334
2018-02-25 17:33:00,2.0
2018-02-25 23:23:00,1.6
2018-02-26 05:13:00,1.85
2018-02-26 11:03:00,2.55
2018-02-26 16:53:00,2.5833333333333335
2018-02-26 22:43:00,2.1
2018-02-27 04:33:00,1.9
2018-02-27 10:23:00,2.3
2018-02-27 16:13:00,2.8333333333333335
2018-02-27 22:03:00,2.3666666666666667
2018-02-28 03:53:00,1.8666666666666667
2018-02-28 09:43:00,2.566666666666667
2018-02-28 15:33:00,2.716666666666667
2018-02-28 21:23:00,2.1333333333333333
2018-03-01 03:13:00,1.5166666666666666
2018-03-01 09:03:00,1.95
2018-03-01 14:53:00,2.283333333333333
2018-03-01 20:43:00,2.683333333333333
2018-03-02 02:33:00,2.0833333333333335
2018-03-02 08:23:00,2.0166666666666666
2018-03-02 14:13:00,2.7333333333333334
2018-03-02 20:03:00,2.45
2018-03-03 01:53:00,1.6
2018-03-03 07:43:00,1.1333333333333333
2018-03-03 13:33:00,2.2666666666666666
2018-03-03 19:23:00,1.6833333333333333
2018-03-04 01:13:00,1.5
2018-03-04 07:03:00,1.3
2018-03-04 12:53:00,1.7
2018-03-04 18:43:00,2.55
2018-03-05 00:33:00,1.85
2018-03-05 06:23:00,1.6666666666666667
2018-03-05 12:13:00,2.216666666666667
2018-03-05 18:03:00,2.5166666666666666
2018-03-05 23:53:00,2.0166666666666666
2018-03-06 05:43:00,2.0833333333333335
2018-03-06 11:33:00,1.95
2018-03-06 17:23:00,2.55
2018-03-06 23:13:00,2.3833333333333333
2018-03-07 05:03:00,1.85
2018-03-07 10:53:00,2.3833333333333333
2018-03-07 16:43:00,2.6
2018-03-07 22:33:00,2.316666666666667
2018-03-08 04:23:00,1.8833333333333333
2018-03-08 10:13:00,1.8
2018-03-08 16:03:00,2.316666666666667
2018-03-08 21:53:00,4.283333333333333
2018-03-09 03:43:00,1.8
2018-03-09 09:33:00,2.1333333333333333
2018-03-09 15:23:00,2.6333333333333333
2018-03-09 21:13:00,1.8166666666666667
2018-03-10 03:03:00,1.4166666666666667
2018-03-10 08:53:00,1.5166666666666666
2018-03-10 14:43:00,2.033333333333333
2018-03-10 20:33:00,2.0166666666666666
2018-03-11 02:23:00,1.2666666666666666
2018-03-11 08:13:00,1.3166666666666667
2018-03-11 14:03:00,1.4
2018-03-11 19:53:00,2.1666666666666665
2018-03-12 01:43:00,1.5
2018-03-12 07:33:00,1.5
2018-03-12 13:23:00,2.1666666666666665
2018-03-12 19:13:00,2.1666666666666665
2018-03-13 01:03:00,1.75
2018-03-13 06:53:00,1.6666666666666667
2018-03-13 12:43:00,2.433333333333333
2018-03-13 18:33:00,2.316666666666667
2018-03-14 00:23:00,1.4
2018-03-14 06:13:00,2.0166666666666666
2018-03-14 12:03:00,2.35
2018-03-14 17:53:00,2.4
2018-03-14 23:43:00,1.7333333333333334
2018-03-15 05:33:00,2.3333333333333335
2018-03-15 11:23:00,2.1333333333333333
2018-03-15 17:13:00,2.5166666666666666
2018-03-15 23:03:00,2.066666666666667
2018-03-16 04:53:00,1.55
2018-03-16 10:43:00,1.8833333333333333
2018-03-16 16:33:00,2.7
2018-03-16 22:23:00,2.0
2018-03-17 04:13:00,1.5
2018-03-17 10:03:00,1.55
2018-03-17 15:53:00,2.1333333333333333
2018-03-17 21:43:00,2.0166666666666666
2018-03-18 03:33:00,1.4333333333333333
2018-03-18 09:23:00,0.9833333333333333
2018-03-18 15:13:00,2.433333333333333
2018-03-18 21:03:00,1.9
2018-03-19 02:53:00,1.6333333333333333
2018-03-19 08:43:00,1.9
2018-03-19 14:33:00,2.8666666666666667
2018-03-19 20:23:00,2.25
2018-03-20 02:13:00,1.8
2018-03-20 08:03:00,1.6833333333333333
2018-03-20 13:53:00,2.1166666666666667
2018-03-20 19:43:00,2.716666666666667
2018-03-21 01:33:00,1.85
2018-03-21 07:23:00,2.1666666666666665
2018-03-21 13:13:00,2.1166666666666667
2018-03-21 19:03:00,2.4
2018-03-22 00:53:00,1.6333333333333333
2018-03-22 06:43:00,1.6666666666666667
2018-03-22 12:33:00,2.1333333333333333
2018-03-22 18:23:00,2.716666666666667
2018-03-23 00:13:00,1.5333333333333334
2018-03-23 06:03:00,1.9666666666666666
2018-03-23 11:53:00,1.9
2018-03-23 17:43:00,2.433333333333333
2018-03-23 23:33:00,1.8166666666666667
2018-03-24 05:23:00,1.3833333333333333
2018-03-24 11:13:00,1.65
2018-03-24 17:03:00,1.7666666666666666
2018-03-24 22:53:00,1.9166666666666667
2018-03-25 04:43:00,1.1833333333333333
2018-03-25 10:33:00,1.6
2018-03-25 16:23:00,1.9166666666666667
2018-03-25 22:13:00,2.033333333333333
2018-03-26 04:03:00,1.6166666666666667
2018-03-26 09:53:00,2.183333333333333
2018-03-26 15:43:00,2.433333333333333
2018-03-26 21:33:00,2.1166666666666667
2018-03-27 03:23:00,1.7833333333333334
2018-03-27 09:13:00,2.1166666666666667
2018-03-27 15:03:00,2.6666666666666665
2018-03-27 20:53:00,2.2
2018-03-28 02:43:00,1.6333333333333333
2018-03-28 08:33:00,1.7833333333333334
2018-03-28 14:23:00,2.533333333333333
2018-03-28 20:13:00,2.4833333333333334
2018-03-29 02:03:00,1.6333333333333333
2018-03-29 07:53:00,1.9333333333333333
2018-03-29 13:43:00,2.9833333333333334
2018-03-29 19:33:00,1.7166666666666666
2018-03-30 01:23:00,2.216666666666667
2018-03-30 07:13:00,2.183333333333333
2018-03-30 13:03:00,2.1666666666666665
2018-03-30 18:53:00,2.1333333333333333
2018-03-31 00:43:00,1.5333333333333334
2018-03-31 06:33:00,1.25
2018-03-31 12:23:00,1.7666666666666666
2018-03-31 18:13:00,1.7666666666666666
2018-04-01 00:03:00,1.2666666666666666
2018-04-01 05:53:00,1.3
2018-04-01 11:43:00,1.2333333333333334
2018-04-01 17:33:00,1.7333333333333334
2018-04-01 23:23:00,1.2833333333333334
2018-04-02 05:13:00,1.1166666666666667
2018-04-02 11:03:00,1.75
2018-04-02 16:53:00,2.1333333333333333
2018-04-02 22:43:00,1.5166666666666666
2018-04-03 04:33:00,1.95
2018-04-03 10:23:00,2.1666666666666665
2018-04-03 16:13:00,2.7
2018-04-03 22:03:00,2.4166666666666665
2018-04-04 03:53:00,1.5333333333333334
2018-04-04 09:43:00,2.3
2018-04-04 15:33:00,2.7333333333333334
2018-04-04 21:23:00,2.183333333333333
2018-04-05 03:13:00,2.1
2018-04-05 09:03:00,1.55
2018-04-05 14:53:00,2.65
2018-04-05 20:43:00,2.566666666666667
2018-04-06 02:33:00,1.6333333333333333
2018-04-06 08:23:00,1.5166666666666666
2018-04-06 14:13:00,2.466666666666667
2018-04-06 20:03:00,2.0
2018-04-07 01:53:00,1.55
2018-04-07 07:43:00,1.6666666666666667
2018-04-07 13:33:00,1.6166666666666667
2018-04-07 19:23:00,1.4166666666666667
2018-04-08 01:13:00,1.4166666666666667
2018-04-08 07:03:00,1.45
2018-04-08 12:53:00,1.6333333333333333
2018-04-08 18:43:00,1.8333333333333333
2018-04-09 00:33:00,1.2833333333333334
2018-04-09 06:23:00,1.5166666666666666
2018-04-09 12:13:00,1.7
2018-04-09 18:03:00,2.1333333333333333
2018-04-09 23:53:00,1.4666666666666666
2018-04-10 05:43:00,1.8
2018-04-10 11:33:00,2.0833333333333335
2018-04-10 17:23:00,2.45
2018-04-10 23:13:00,1.8666666666666667
2018-04-11 05:03:00,1.3333333333333333
2018-04-11 10:53:00,2.1666666666666665
2018-04-11 16:43:00,2.3833333333333333
2018-04-11 22:33:00,2.0833333333333335
2018-04-12 04:23:00,1.7666666666666666
2018-04-12 10:13:00,1.9833333333333334
2018-04-12 16:03:00,2.75
2018-04-12 21:53:00,2.3333333333333335
2018-04-13 03:43:00,2.0
2018-04-13 09:33:00,2.2666666666666666
2018-04-13 15:23:00,2.2333333333333334
2018-04-13 21:13:00,2.5
2018-04-14 03:03:00,1.2
2018-04-14 08:53:00,1.7
2018-04-14 14:43:00,2.3
2018-04-14 20:33:00,1.6833333333333333
2018-04-15 02:23:00,1.2333333333333334
2018-04-15 08:13:00,1.3833333333333333
2018-04-15 14:03:00,2.2
2018-04-15 19:53:00,2.1166666666666667
2018-04-16 01:43:00,1.2333333333333334
2018-04-16 07:33:00,1.8333333333333333
2018-04-16 13:23:00,2.0833333333333335
2018-04-16 19:13:00,3.0
2018-04-17 01:03:00,1.5333333333333334
2018-04-17 06:53:00,2.6
2018-04-17 12:43:00,2.216666666666667
2018-04-17 18:33:00,3.0
2018-04-18 00:23:00,1.8
2018-04-18 06:13:00,1.6333333333333333
2018-04-18 12:03:00,2.566666666666667
2018-04-18 17:53:00,2.85
2018-04-18 23:43:00,2.033333333333333
2018-04-19 05:33:00,1.9
2018-04-19 11:23:00,2.433333333333333
2018-04-19 17:13:00,2.3666666666666667
2018-04-19 23:03:00,2.2333333333333334
2018-04-20 04:53:00,1.4333333333333333
2018-04-20 10:43:00,2.283333333333333
2018-04-20 16:33:00,2.783333333333333
2018-04-20 22:23:00,1.6833333333333333
2018-04-21 04:13:00,1.6333333333333333
2018-04-21 10:03:00,2.3666666666666667
2018-04-21 15:53:00,1.8333333333333333
2018-04-21 21:43:00,1.65
2018-04-22 03:33:00,1.3666666666666667
2018-04-22 09:23:00,2.45
2018-04-22 15:13:00,2.716666666666667
2018-04-22 21:03:00,2.1666666666666665
2018-04-23 02:53:00,2.1166666666666667
2018-04-23 08:43:00,3.0
2018-04-23 14:33:00,3.2666666666666666
2018-04-23 20:23:00,2.5
2018-04-24 02:13:00,2.2
2018-04-24 08:03:00,3.2
2018-04-24 13:53:00,2.816666666666667
2018-04-24 19:43:00,3.4166666666666665
2018-04-25 01:33:00,2.033333333333333
2018-04-25 07:23:00,1.85
2018-04-25 13:13:00,2.816666666666667
2018-04-25 19:03:00,2.8666666666666667
2018-04-26 00:53:00,1.7333333333333334
2018-04-26 06:43:00,2.2666666666666666
2018-04-26 12:33:00,2.8833333333333333
2018-04-26 18:23:00,2.4833333333333334
2018-04-27 00:13:00,1.8333333333333333
2018-04-27 06:03:00,1.8
2018-04-27 11:53:00,2.5833333333333335
2018-04-27 17:43:00,2.966666666666667
2018-04-27 23:33:00,1.7166666666666666
2018-04-28 05:23:00,1.8833333333333333
2018-04-28 11:13:00,2.4
2018-04-28 17:03:00,2.3833333333333333
2018-04-28 22:53:00,1.6
2018-04-29 04:43:00,1.6833333333333333
2018-04-29 10:33:00,2.15
2018-04-29 16:23:00,1.9
2018-04-29 22:13:00,1.7166666666666666
2018-04-30 04:03:00,1.8666666666666667
2018-04-30 09:53:00,2.5166666666666666
2018-04-30 15:43:00,2.6333333333333333
2018-04-30 21:33:00,2.5
2018-05-01 03:23:00,1.9333333333333333
2018-05-01 09:13:00,2.15
2018-05-01 15:03:00,2.55
2018-05-01 20:53:00,2.5
2018-05-02 02:43:00,1.6666666666666667
2018-05-02 08:33:00,2.1
2018-05-02 14:23:00,2.95
2018-05-02 20:13:00,2.35
2018-05-03 02:03:00,2.3666666666666667
2018-05-03 07:53:00,1.8333333333333333
2018-05-03 13:43:00,3.033333333333333
2018-05-03 19:33:00,3.0833333333333335
2018-05-04 01:23:00,1.7666666666666666
2018-05-04 07:13:00,1.9833333333333334
2018-05-04 13:03:00,2.966666666666667
2018-05-04 18:53:00,2.4833333333333334
2018-05-05 00:43:00,1.9
2018-05-05 06:33:00,1.7833333333333334
2018-05-05 12:23:00,2.4166666666666665
2018-05-05 18:13:00,2.35
2018-05-06 00:03:00,2.066666666666667
2018-05-06 05:53:00,1.7833333333333334
2018-05-06 11:43:00,1.75
2018-05-06 17:33:00,2.15
2018-05-06 23:23:00,1.75
2018-05-07 05:13:00,2.0166666666666666
2018-05-07 11:03:00,2.35
2018-05-07 16:53:00,3.566666666666667
2018-05-07 22:43:00,2.0833333333333335
2018-05-08 04:33:00,2.4
2018-05-08 10:23:00,2.3333333333333335
2018-05-08 16:13:00,3.283333333333333
2018-05-08 22:03:00,1.7833333333333334
2018-05-09 03:53:00,1.55
2018-05-09 09:43:00,2.15
2018-05-09 15:33:00,2.566666666666667
2018-05-09 21:23:00,2.183333333333333
2018-05-10 03:13:00,1.6333333333333333
2018-05-10 09:03:00,2.3666666666666667
2018-05-10 14:53:00,3.316666666666667
2018-05-10 20:43:00,2.6666666666666665
2018-05-11 02:33:00,1.5166666666666666
2018-05-11 08:23:00,2.6166666666666667
2018-05-11 14:13:00,2.533333333333333
2018-05-11 20:03:00,2.0166666666666666
2018-05-12 01:53:00,1.55
2018-05-12 07:43:00,1.95
2018-05-12 13:33:00,2.683333333333333
2018-05-12 19:23:00,2.033333333333333
2018-05-13 01:13:00,1.3666666666666667
2018-05-13 07:03:00,1.45
2018-05-13 12:53:00,1.9166666666666667
2018-05-13 18:43:00,2.3
2018-05-14 00:33:00,1.8833333333333333
2018-05-14 06:23:00,2.05
2018-05-14 12:13:00,2.6666666666666665
2018-05-14 18:03:00,2.9833333333333334
2018-05-14 23:53:00,1.7
2018-05-15 05:43:00,2.1333333333333333
2018-05-15 11:33:00,2.3666666666666667
2018-05-15 17:23:00,3.5
2018-05-15 23:13:00,1.7833333333333334
2018-05-16 05:03:00,2.6
2018-05-16 10:53:00,2.35
2018-05-16 16:43:00,3.316666666666667
2018-05-16 22:33:00,1.8333333333333333
2018-05-17 04:23:00,1.8333333333333333
2018-05-17 10:13:00,2.1166666666666667
2018-05-17 16:03:00,2.6666666666666665
2018-05-17 21:53:00,2.75
2018-05-18 03:43:00,1.45
2018-05-18 09:33:00,2.2666666666666666
2018-05-18 15:23:00,2.4833333333333334
2018-05-18 21:13:00,1.95
2018-05-19 03:03:00,1.3666666666666667
2018-05-19 08:53:00,1.5166666666666666
2018-05-19 14:43:00,2.6166666666666667
2018-05-19 20:33:00,1.6166666666666667
2018-05-20 02:23:00,1.4666666666666666
2018-05-20 08:13:00,1.5666666666666667
2018-05-20 14:03:00,2.3
2018-05-20 19:53:00,2.0
2018-05-21 01:43:00,1.9666666666666666
2018-05-21 07:33:00,1.7833333333333334
2018-05-21 13:23:00,2.0833333333333335
2018-05-21 19:13:00,2.283333333333333
2018-05-22 01:03:00,1.6333333333333333
2018-05-22 06:53:00,2.3
2018-05-22 12:43:00,2.3666666666666667
2018-05-22 18:33:00,2.8666666666666667
2018-05-23 00:23:00,1.5833333333333333
2018-05-23 06:13:00,1.6833333333333333
2018-05-23 12:03:00,2.7
2018-05-23 17:53:00,3.8333333333333335
2018-05-23 23:43:00,2.1666666666666665
2018-05-24 05:33:00,1.8166666666666667
2018-05-24 11:23:00,2.7333333333333334
2018-05-24 17:13:00,2.65
2018-05-24 23:03:00,2.316666666666667
2018-05-25 04:53:00,1.5833333333333333
2018-05-25 10:43:00,2.35
2018-05-25 16:33:00,2.35
2018-05-25 22:23:00,1.75
2018-05-26 04:13:00,1.3666666666666667
2018-05-26 10:03:00,1.8333333333333333
2018-05-26 15:53:00,1.95
2018-05-26 21:43:00,1.7666666666666666
2018-05-27 03:33:00,1.2166666666666666
2018-05-27 09:23:00,1.7
2018-05-27 15:13:00,1.75
2018-05-27 21:03:00,1.8666666666666667
2018-05-28 02:53:00,1.25
2018-05-28 08:43:00,1.8333333333333333
2018-05-28 14:33:00,3.1166666666666667
2018-05-28 20:23:00,2.1666666666666665
2018-05-29 02:13:00,1.6
2018-05-29 08:03:00,1.9166666666666667
2018-05-29 13:53:00,2.933333333333333
2018-05-29 19:43:00,2.5833333333333335
2018-05-30 01:33:00,1.8833333333333333
2018-05-30 07:23:00,2.066666666666667
2018-05-30 13:13:00,18.5
2018-05-30 19:03:00,2.3
2018-05-31 00:53:00,2.0166666666666666
2018-05-31 06:43:00,2.2666666666666666
2018-05-31 12:33:00,2.85
2018-05-31 18:23:00,2.1666666666666665
2018-06-01 00:13:00,2.316666666666667
2018-06-01 06:03:00,1.8166666666666667
2018-06-01 11:53:00,1.9833333333333334
2018-06-01 17:43:00,2.1166666666666667
2018-06-01 23:33:00,1.7833333333333334
2018-06-02 05:23:00,1.3333333333333333
2018-06-02 11:13:00,2.2333333333333334
2018-06-02 17:03:00,4.55
2018-06-02 22:53:00,1.4333333333333333
2018-06-03 04:43:00,1.15
2018-06-03 10:33:00,1.3666666666666667
2018-06-03 16:23:00,2.933333333333333
2018-06-03 22:13:00,2.05
2018-06-04 04:03:00,1.2166666666666666
2018-06-04 09:53:00,1.9833333333333334
2018-06-04 15:43:00,3.25
2018-06-04 21:33:00,1.9166666666666667
2018-06-05 03:23:00,1.7833333333333334
2018-06-05 09:13:00,1.8833333333333333
2018-06-05 15:03:00,2.3666666666666667
2018-06-05 20:53:00,2.466666666666667
2018-06-06 02:43:00,1.3
2018-06-06 08:33:00,2.1333333333333333
2018-06-06 14:23:00,2.6166666666666667
2018-06-06 20:13:00,2.8833333333333333
2018-06-07 02:03:00,2.05
2018-06-07 07:53:00,2.4
2018-06-07 13:43:00,2.4833333333333334
2018-06-07 19:33:00,2.3833333333333333
2018-06-08 01:23:00,1.7333333333333334
2018-06-08 07:13:00,1.6
2018-06-08 13:03:00,2.75
2018-06-08 18:53:00,3.0
2018-06-09 00:43:00,1.8666666666666667
2018-06-09 06:33:00,1.5333333333333334
2018-06-09 12:23:00,2.15
2018-06-09 18:13:00,2.816666666666667
2018-06-10 00:03:00,1.6333333333333333
2018-06-10 05:53:00,1.7666666666666666
2018-06-10 11:43:00,1.6
2018-06-10 17:33:00,2.283333333333333
2018-06-10 23:23:00,2.0166666666666666
2018-06-11 05:13:00,1.5333333333333334
2018-06-11 11:03:00,2.6333333333333333
2018-06-11 16:53:00,1.9166666666666667
2018-06-11 22:43:00,2.6166666666666667
2018-06-12 04:33:00,1.95
2018-06-12 10:23:00,2.216666666666667
2018-06-12 16:13:00,2.6
2018-06-12 22:03:00,1.7833333333333334
2018-06-13 03:53:00,1.7666666666666666
2018-06-13 09:43:00,4.366666666666666
2018-06-13 15:33:00,2.1166666666666667
2018-06-13 21:23:00,1.5
2018-06-14 03:13:00,1.95
2018-06-14 09:03:00,2.2666666666666666
2018-06-14 14:53:00,2.466666666666667
2018-06-14 20:43:00,2.4833333333333334
2018-06-15 02:33:00,2.5166666666666666
2018-06-15 08:23:00,2.566666666666667
2018-06-15 14:13:00,2.95
2018-06-15 20:03:00,2.6
2018-06-16 01:53:00,1.6833333333333333
2018-06-16 07:43:00,1.65
2018-06-16 13:33:00,1.9166666666666667
2018-06-16 19:23:00,1.3833333333333333
2018-06-17 01:13:00,1.3666666666666667
2018-06-17 07:03:00,1.4666666666666666
2018-06-17 12:53:00,1.3666666666666667
2018-06-17 18:43:00,1.3833333333333333
2018-06-18 00:33:00,1.75
2018-06-18 06:23:00,1.6333333333333333
2018-06-18 12:13:00,2.533333333333333
2018-06-18 18:03:00,2.5
2018-06-18 23:53:00,1.7333333333333334
2018-06-19 05:43:00,1.55
2018-06-19 11:33:00,2.5
2018-06-19 17:23:00,1.7666666666666666
2018-06-19 23:13:00,1.35
2018-06-20 05:03:00,1.45
2018-06-20 10:53:00,2.45
2018-06-20 16:43:00,2.3833333333333333
2018-06-20 22:33:00,2.1166666666666667
2018-06-21 04:23:00,1.6833333333333333
2018-06-21 10:13:00,2.3666666666666667
2018-06-21 16:03:00,2.5166666666666666
2018-06-21 21:53:00,1.9333333333333333
2018-06-22 03:43:00,1.7166666666666666
2018-06-22 09:33:00,2.3333333333333335
2018-06-22 15:23:00,2.716666666666667
2018-06-22 21:13:00,2.8
2018-06-23 03:03:00,1.55
2018-06-23 08:53:00,3.1166666666666667
2018-06-23 14:43:00,2.0833333333333335
2018-06-23 20:33:00,1.8666666666666667
2018-06-24 02:23:00,1.25
2018-06-24 08:13:00,1.2166666666666666
2018-06-24 14:03:00,1.6666666666666667
2018-06-24 19:53:00,1.9
2018-06-25 01:43:00,1.4666666666666666
2018-06-25 07:33:00,2.0833333333333335
2018-06-25 13:23:00,2.85
2018-06-25 19:13:00,2.183333333333333
2018-06-26 01:03:00,2.066666666666667
2018-06-26 06:53:00,1.2833333333333334
2018-06-26 12:43:00,2.15
2018-06-26 18:33:00,2.3833333333333333
2018-06-27 00:23:00,1.9166666666666667
2018-06-27 06:13:00,1.1833333333333333
2018-06-27 12:03:00,1.85
2018-06-27 17:53:00,2.45
2018-06-27 23:43:00,1.7333333333333334
2018-06-28 05:33:00,1.45
2018-06-28 11:23:00,2.533333333333333
2018-06-28 17:13:00,2.316666666666667
2018-06-28 23:03:00,2.1333333333333333
2018-06-29 04:53:00,1.4333333333333333
2018-06-29 10:43:00,2.783333333333333
2018-06-29 16:33:00,2.6666666666666665
2018-06-29 22:23:00,2.1166666666666667
2018-06-30 04:13:00,1.35
2018-06-30 10:03:00,2.35
2018-06-30 15:53:00,1.8166666666666667
2018-06-30 21:43:00,1.6333333333333333
2018-07-01 03:33:00,0.9666666666666667
2018-07-01 09:23:00,1.5333333333333334
2018-07-01 15:13:00,1.6666666666666667
2018-07-01 21:03:00,2.0166666666666666
2018-07-02 02:53:00,1.45
2018-07-02 08:43:00,1.75
2018-07-02 14:33:00,2.95
2018-07-02 20:23:00,2.8666666666666667
2018-07-03 02:13:00,1.7166666666666666
2018-07-03 08:03:00,2.3666666666666667
2018-07-03 13:53:00,3.65
2018-07-03 19:43:00,2.0833333333333335
2018-07-04 01:33:00,1.7333333333333334
2018-07-04 07:23:00,2.2
2018-07-04 13:13:00,2.1166666666666667
2018-07-04 19:03:00,2.5
2018-07-05 00:53:00,1.2333333333333334
2018-07-05 06:43:00,1.8
2018-07-05 12:33:00,2.4166666666666665
2018-07-05 18:23:00,2.4166666666666665
2018-07-06 00:13:00,2.033333333333333
2018-07-06 06:03:00,1.9166666666666667
2018-07-06 11:53:00,2.0
2018-07-06 17:43:00,2.783333333333333
2018-07-06 23:33:00,1.5666666666666667
2018-07-07 05:23:00,1.1666666666666667
2018-07-07 11:13:00,1.95
2018-07-07 17:03:00,2.8
2018-07-07 22:53:00,1.8833333333333333
2018-07-08 04:43:00,1.25
2018-07-08 10:33:00,1.5
2018-07-08 16:23:00,2.033333333333333
2018-07-08 22:13:00,1.8166666666666667
2018-07-09 04:03:00,1.4833333333333334
2018-07-09 09:53:00,1.9666666666666666
2018-07-09 15:43:00,2.966666666666667
2018-07-09 21:33:00,2.033333333333333
2018-07-10 03:23:00,2.183333333333333
2018-07-10 09:13:00,2.3833333333333333
2018-07-10 15:03:00,2.8
2018-07-10 20:53:00,2.3
2018-07-11 02:43:00,1.4833333333333334
2018-07-11 08:33:00,2.3333333333333335
2018-07-11 14:23:00,2.5833333333333335
2018-07-11 20:13:00,2.1333333333333333
2018-07-12 02:03:00,3.0
2018-07-12 07:53:00,2.316666666666667
2018-07-12 13:43:00,3.1
2018-07-12 19:33:00,2.283333333333333
2018-07-13 01:23:00,1.8666666666666667
2018-07-13 07:13:00,2.05
2018-07-13 13:03:00,2.6666666666666665
2018-07-13 18:53:00,2.316666666666667
2018-07-14 00:43:00,1.6833333333333333
2018-07-14 06:33:00,1.4
2018-07-14 12:23:00,2.183333333333333
2018-07-14 18:13:00,1.9833333333333334
2018-07-15 00:03:00,1.5833333333333333
2018-07-15 05:53:00,1.0166666666666666
2018-07-15 11:43:00,1.6
2018-07-15 17:33:00,3.7333333333333334
2018-07-15 23:23:00,1.5666666666666667
2018-07-16 05:13:00,1.5333333333333334
2018-07-16 11:03:00,2.1166666666666667
2018-07-16 16:53:00,3.2333333333333334
2018-07-16 22:43:00,2.066666666666667
2018-07-17 04:33:00,2.033333333333333
2018-07-17 10:23:00,2.75
2018-07-17 16:13:00,2.0
2018-07-17 22:03:00,2.75
2018-07-18 03:53:00,2.0833333333333335
2018-07-18 09:43:00,2.566666666666667
2018-07-18 15:33:00,3.716666666666667
2018-07-18 21:23:00,2.533333333333333
2018-07-19 03:13:00,1.6333333333333333
2018-07-19 09:03:00,2.5166666666666666
2018-07-19 14:53:00,3.7
2018-07-19 20:43:00,2.8333333333333335
2018-07-20 02:33:00,1.7333333333333334
2018-07-20 08:23:00,3.0
2018-07-20 14:13:00,2.4833333333333334
2018-07-20 20:03:00,2.433333333333333
2018-07-21 01:53:00,2.05
2018-07-21 07:43:00,2.2333333333333334
2018-07-21 13:33:00,2.683333333333333
2018-07-21 19:23:00,2.1
2018-07-22 01:13:00,1.5333333333333334
2018-07-22 07:03:00,1.4833333333333334
2018-07-22 12:53:00,1.85
2018-07-22 18:43:00,2.1333333333333333
2018-07-23 00:33:00,1.6333333333333333
2018-07-23 06:23:00,2.1666666666666665
2018-07-23 12:13:00,3.533333333333333
2018-07-23 18:03:00,2.816666666666667
2018-07-23 23:53:00,1.7833333333333334
2018-07-24 05:43:00,2.4166666666666665
2018-07-24 11:33:00,3.6
2018-07-24 17:23:00,3.8333333333333335
2018-07-24 23:13:00,2.45
2018-07-25 05:03:00,2.033333333333333
2018-07-25 10:53:00,2.316666666666667
2018-07-25 16:43:00,3.2666666666666666
2018-07-25 22:33:00,2.1166666666666667
2018-07-26 04:23:00,1.65
2018-07-26 10:13:00,2.533333333333333
2018-07-26 16:03:00,3.183333333333333
2018-07-26 21:53:00,2.25
2018-07-27 03:43:00,1.9
2018-07-27 09:33:00,2.5833333333333335
2018-07-27 15:23:00,3.466666666666667
2018-07-27 21:13:00,2.533333333333333
2018-07-28 03:03:00,1.5666666666666667
2018-07-28 08:53:00,2.0
2018-07-28 14:43:00,2.5833333333333335
2018-07-28 20:33:00,2.6
2018-07-29 02:23:00,1.4666666666666666
2018-07-29 08:13:00,1.3833333333333333
2018-07-29 14:03:00,2.2666666666666666
2018-07-29 19:53:00,2.7
2018-07-30 01:43:00,1.6
2018-07-30 07:33:00,2.3
2018-07-30 13:23:00,4.833333333333333
2018-07-30 19:13:00,2.6333333333333333
2018-07-31 01:03:00,1.5666666666666667
2018-07-31 06:53:00,2.716666666666667
2018-07-31 12:43:00,3.433333333333333
2018-07-31 18:33:00,3.45
2018-08-01 00:23:00,2.1333333333333333
2018-08-01 06:13:00,2.1
2018-08-01 12:03:00,3.033333333333333
2018-08-01 17:53:00,4.4
2018-08-01 23:43:00,1.9
2018-08-02 05:33:00,1.95
2018-08-02 11:23:00,2.5833333333333335
2018-08-02 17:13:00,3.2
2018-08-02 23:03:00,1.9833333333333334
2018-08-03 04:53:00,1.9833333333333334
2018-08-03 10:43:00,2.8833333333333333
2018-08-03 16:33:00,2.683333333333333
2018-08-03 22:23:00,2.1333333333333333
2018-08-04 04:13:00,1.4833333333333334
2018-08-04 10:03:00,2.5833333333333335
2018-08-04 15:53:00,2.3
2018-08-04 21:43:00,2.45
2018-08-05 03:33:00,1.7833333333333334
2018-08-05 09:23:00,1.4666666666666666
2018-08-05 15:13:00,3.466666666666667
2018-08-05 21:03:00,1.6833333333333333
2018-08-06 02:53:00,1.85
2018-08-06 08:43:00,2.4
2018-08-06 14:33:00,2.9166666666666665
2018-08-06 20:23:00,3.2333333333333334
2018-08-07 02:13:00,2.3333333333333335
2018-08-07 08:03:00,2.4166666666666665
2018-08-07 13:53:00,3.183333333333333
2018-08-07 19:43:00,1.8833333333333333
2018-08-08 01:33:00,2.05
2018-08-08 07:23:00,1.8333333333333333
2018-08-08 13:13:00,2.8333333333333335
2018-08-08 19:03:00,2.933333333333333
2018-08-09 00:53:00,1.7333333333333334
2018-08-09 06:43:00,1.8333333333333333
2018-08-09 12:33:00,2.5833333333333335
2018-08-09 18:23:00,2.95
2018-08-10 00:13:00,2.3666666666666667
2018-08-10 06:03:00,2.216666666666667
2018-08-10 11:53:00,2.6
2018-08-10 17:43:00,2.316666666666667
2018-08-10 23:33:00,1.5666666666666667
2018-08-11 05:23:00,1.7
2018-08-11 11:13:00,2.1666666666666665
2018-08-11 17:03:00,2.283333333333333
2018-08-11 22:53:00,1.7
2018-08-12 04:43:00,1.4333333333333333
2018-08-12 10:33:00,2.066666666666667
2018-08-12 16:23:00,2.216666666666667
2018-08-12 22:13:00,2.2
2018-08-13 04:03:00,1.95
2018-08-13 09:53:00,2.6166666666666667
2018-08-13 15:43:00,3.1333333333333333
2018-08-13 21:33:00,2.95
2018-08-14 03:23:00,2.45
2018-08-14 09:13:00,2.5
2018-08-14 15:03:00,3.6333333333333333
2018-08-14 20:53:00,2.9833333333333334
2018-08-15 02:43:00,2.9166666666666665
2018-08-15 08:33:00,2.6666666666666665
2018-08-15 14:23:00,3.3
2018-08-15 20:13:00,2.816666666666667
2018-08-16 02:03:00,2.3666666666666667
2018-08-16 07:53:00,3.2
2018-08-16 13:43:00,2.9166666666666665
2018-08-16 19:33:00,2.75
2018-08-17 01:23:00,2.1333333333333333
2018-08-17 07:13:00,2.6
2018-08-17 13:03:00,3.1166666666666667
2018-08-17 18:53:00,2.966666666666667
2018-08-18 00:43:00,1.7666666666666666
2018-08-18 06:33:00,1.5166666666666666
2018-08-18 12:23:00,2.4
2018-08-18 18:13:00,2.6166666666666667
2018-08-19 00:03:00,1.2833333333333334
2018-08-19 05:53:00,1.3333333333333333
2018-08-19 11:43:00,1.6333333333333333
2018-08-19 17:33:00,2.0166666666666666
2018-08-19 23:23:00,1.0166666666666666
2018-08-20 05:13:00,1.7
2018-08-20 11:03:00,2.9166666666666665
2018-08-20 16:53:00,3.05
2018-08-20 22:43:00,2.8666666666666667
2018-08-21 04:33:00,2.1166666666666667
2018-08-21 10:23:00,2.2666666666666666
2018-08-21 16:13:00,2.5166666666666666
2018-08-21 22:03:00,2.5166666666666666
2018-08-22 03:53:00,2.8333333333333335
2018-08-22 09:43:00,2.05
2018-08-22 15:33:00,3.1333333333333333
2018-08-22 21:23:00,3.2666666666666666
2018-08-23 03:13:00,1.8333333333333333
2018-08-23 09:03:00,2.25
2018-08-23 14:53:00,3.6333333333333333
2018-08-23 20:43:00,2.783333333333333
2018-08-24 02:33:00,1.7666666666666666
2018-08-24 08:23:00,3.0
2018-08-24 14:13:00,3.55
2018-08-24 20:03:00,2.7666666666666666
2018-08-25 01:53:00,1.4333333333333333
2018-08-25 07:43:00,1.5166666666666666
2018-08-25 13:33:00,2.25
2018-08-25 19:23:00,2.85
2018-08-26 01:13:00,1.1166666666666667
2018-08-26 07:03:00,1.6166666666666667
2018-08-26 12:53:00,2.35
2018-08-26 18:43:00,1.9166666666666667
2018-08-27 00:33:00,1.9333333333333333
2018-08-27 06:23:00,1.5166666666666666
2018-08-27 12:13:00,2.816666666666667
2018-08-27 18:03:00,2.65
2018-08-27 23:53:00,2.4166666666666665
2018-08-28 05:43:00,1.7666666666666666
2018-08-28 11:33:00,2.8
2018-08-28 17:23:00,3.8
2018-08-28 23:13:00,2.2
2018-08-29 05:03:00,2.1
2018-08-29 10:53:00,2.85
2018-08-29 16:43:00,2.95
2018-08-29 22:33:00,2.6166666666666667
2018-08-30 04:23:00,1.65
2018-08-30 10:13:00,2.716666666666667
2018-08-30 16:03:00,4.716666666666667
2018-08-30 21:53:00,2.0
2018-08-31 03:43:00,2.8333333333333335
2018-08-31 09:33:00,2.95
2018-08-31 15:23:00,3.7
2018-08-31 21:13:00,2.5833333333333335
2018-09-01 03:03:00,1.5833333333333333
2018-09-01 08:53:00,2.25
2018-09-01 14:43:00,3.1166666666666667
2018-09-01 20:33:00,2.6333333333333333
2018-09-02 02:23:00,1.9666666666666666
2018-09-02 08:13:00,1.7333333333333334
2018-09-02 14:03:00,2.5
2018-09-02 19:53:00,1.95
2018-09-03 01:43:00,1.6333333333333333
2018-09-03 07:33:00,1.6833333333333333
2018-09-03 13:23:00,3.85
2018-09-03 19:13:00,2.7333333333333334
2018-09-04 01:03:00,1.4833333333333334
2018-09-04 06:53:00,2.433333333333333
2018-09-04 12:43:00,3.0833333333333335
2018-09-04 18:33:00,3.216666666666667
2018-09-05 00:23:00,1.4666666666666666
2018-09-05 06:13:00,1.6
2018-09-05 12:03:00,2.9
2018-09-05 17:53:00,3.15
2018-09-05 23:43:00,2.8666666666666667
2018-09-06 05:33:00,1.6166666666666667
2018-09-06 11:23:00,2.9833333333333334
2018-09-06 17:13:00,2.9
2018-09-06 23:03:00,1.8
2018-09-07 04:53:00,2.0166666666666666
2018-09-07 10:43:00,2.783333333333333
2018-09-07 16:33:00,2.9833333333333334
2018-09-07 22:23:00,2.3
2018-09-08 04:13:00,1.4666666666666666
2018-09-08 10:03:00,2.2333333333333334
2018-09-08 15:53:00,2.95
2018-09-08 21:43:00,1.8833333333333333
2018-09-09 03:33:00,2.6
2018-09-09 09:23:00,1.6
2018-09-09 15:13:00,3.8833333333333333
2018-09-09 21:03:00,2.1
2018-09-10 02:53:00,1.7166666666666666
2018-09-10 08:43:00,2.1166666666666667
2018-09-10 14:33:00,3.25
2018-09-10 20:23:00,2.783333333333333
2018-09-11 02:13:00,2.5
2018-09-11 08:03:00,2.4
2018-09-11 13:53:00,2.6666666666666665
2018-09-11 19:43:00,2.183333333333333
2018-09-12 01:33:00,2.4
2018-09-12 07:23:00,2.75
2018-09-12 13:13:00,2.933333333333333
2018-09-12 19:03:00,3.05
2018-09-13 00:53:00,1.8
2018-09-13 06:43:00,2.933333333333333
2018-09-13 12:33:00,2.85
2018-09-13 18:23:00,2.683333333333333
2018-09-14 00:13:00,1.9166666666666667
2018-09-14 06:03:00,2.0166666666666666
2018-09-14 11:53:00,2.2333333333333334
2018-09-14 17:43:00,2.35
2018-09-14 23:33:00,2.05
2018-09-15 05:23:00,1.6666666666666667
2018-09-15 11:13:00,1.8833333333333333
2018-09-15 17:03:00,2.433333333333333
2018-09-15 22:53:00,1.35
2018-09-16 04:43:00,2.1
2018-09-16 10:33:00,2.1166666666666667
2018-09-16 16:23:00,3.2333333333333334
2018-09-16 22:13:00,1.6333333333333333
2018-09-17 04:03:00,1.4166666666666667
2018-09-17 09:53:00,2.316666666666667
2018-09-17 15:43:00,3.533333333333333
2018-09-17 21:33:00,2.466666666666667
2018-09-18 03:23:00,1.5833333333333333
2018-09-18 09:13:00,2.55
2018-09-18 15:03:00,3.05
2018-09-18 20:53:00,2.55
2018-09-19 02:43:00,2.2666666666666666
2018-09-19 08:33:00,2.816666666666667
2018-09-19 14:23:00,3.65
2018-09-19 20:13:00,2.0166666666666666
2018-09-20 02:03:00,4.166666666666667
2018-09-20 07:53:00,2.8
2018-09-20 13:43:00,3.033333333333333
2018-09-20 19:33:00,2.0
2018-09-21 01:23:00,4.3
2018-09-21 07:13:00,2.5833333333333335
2018-09-21 13:03:00,3.8
2018-09-21 18:53:00,3.783333333333333
2018-09-22 00:43:00,2.3333333333333335
2018-09-22 06:33:00,2.1
2018-09-22 12:23:00,2.6166666666666667
2018-09-22 18:13:00,3.2
2018-09-23 00:03:00,1.7833333333333334
2018-09-23 05:53:00,1.8
2018-09-23 11:43:00,2.15
2018-09-23 17:33:00,3.033333333333333
2018-09-23 23:23:00,1.75
2018-09-24 05:13:00,1.4833333333333334
2018-09-24 11:03:00,2.5833333333333335
2018-09-24 16:53:00,3.1
2018-09-24 22:43:00,2.2666666666666666
2018-09-25 04:33:00,1.5
2018-09-25 10:23:00,2.816666666666667
2018-09-25 16:13:00,3.65
2018-09-25 22:03:00,2.8
2018-09-26 03:53:00,1.85
2018-09-26 09:43:00,2.6333333333333333
2018-09-26 15:33:00,3.1333333333333333
2018-09-26 21:23:00,2.65
2018-09-27 03:13:00,1.65
2018-09-27 09:03:00,2.3666666666666667
2018-09-27 14:53:00,2.6666666666666665
2018-09-27 20:43:00,2.783333333333333
2018-09-28 02:33:00,2.3833333333333333
2018-09-28 08:23:00,2.216666666666667
2018-09-28 14:13:00,2.566666666666667
2018-09-28 20:03:00,2.3833333333333333
2018-09-29 01:53:00,2.2333333333333334
2018-09-29 07:43:00,1.55
2018-09-29 13:33:00,2.8833333333333333
2018-09-29 19:23:00,3.033333333333333
2018-09-30 01:13:00,1.6833333333333333
2018-09-30 07:03:00,1.8166666666666667
2018-09-30 12:53:00,2.1666666666666665
2018-09-30 18:43:00,2.8666666666666667
2018-10-01 00:33:00,2.35
2018-10-01 06:23:00,1.95
2018-10-01 12:13:00,3.433333333333333
2018-10-01 18:03:00,3.8
2018-10-01 23:53:00,2.25
2018-10-02 05:43:00,2.283333333333333
2018-10-02 11:33:00,3.3833333333333333
2018-10-02 17:23:00,3.9166666666666665
2018-10-02 23:13:00,2.283333333333333
2018-10-03 05:03:00,1.9666666666666666
2018-10-03 10:53:00,3.316666666666667
2018-10-03 16:43:00,2.8666666666666667
2018-10-03 22:33:00,2.033333333333333
2018-10-04 04:23:00,1.9333333333333333
2018-10-04 10:13:00,2.7666666666666666
2018-10-04 16:03:00,3.8666666666666667
2018-10-04 21:53:00,2.033333333333333
2018-10-05 03:43:00,1.9333333333333333
2018-10-05 09:33:00,2.5833333333333335
2018-10-05 15:23:00,3.9
2018-10-05 21:13:00,2.7333333333333334
2018-10-06 03:03:00,1.5833333333333333
2018-10-06 08:53:00,1.9333333333333333
2018-10-06 14:43:00,2.95
2018-10-06 20:33:00,2.8833333333333333
2018-10-07 02:23:00,1.4
2018-10-07 08:13:00,1.7333333333333334
2018-10-07 14:03:00,3.8333333333333335
2018-10-07 19:53:00,2.7
2018-10-08 01:43:00,2.316666666666667
2018-10-08 07:33:00,2.8666666666666667
2018-10-08 13:23:00,2.6166666666666667
2018-10-08 19:13:00,2.7333333333333334
2018-10-09 01:03:00,2.1666666666666665
2018-10-09 06:53:00,2.316666666666667
2018-10-09 12:43:00,2.9166666666666665
2018-10-09 18:33:00,3.933333333333333
2018-10-10 00:23:00,1.75
2018-10-10 06:13:00,2.216666666666667
2018-10-10 12:03:00,3.1166666666666667
2018-10-10 17:53:00,3.3666666666666667
2018-10-10 23:43:00,1.7666666666666666
2018-10-11 05:33:00,2.4
2018-10-11 11:23:00,2.9166666666666665
2018-10-11 17:13:00,3.5
2018-10-11 23:03:00,2.6
2018-10-12 04:53:00,2.966666666666667
2018-10-12 10:43:00,2.966666666666667
2018-10-12 16:33:00,3.216666666666667
2018-10-12 22:23:00,2.35
2018-10-13 04:13:00,1.4833333333333334
2018-10-13 10:03:00,2.4166666666666665
2018-10-13 15:53:00,2.9166666666666665
2018-10-13 21:43:00,1.55
2018-10-14 03:33:00,1.5833333333333333
2018-10-14 09:23:00,2.15
2018-10-14 15:13:00,3.6333333333333333
2018-10-14 21:03:00,3.0166666666666666
2018-10-15 02:53:00,2.8666666666666667
2018-10-15 08:43:00,3.05
2018-10-15 14:33:00,3.3666666666666667
2018-10-15 20:23:00,3.4833333333333334
2018-10-16 02:13:00,2.216666666666667
2018-10-16 08:03:00,2.4833333333333334
2018-10-16 13:53:00,2.716666666666667
2018-10-16 19:43:00,3.6333333333333333
2018-10-17 01:33:00,2.433333333333333
2018-10-17 07:23:00,2.933333333333333
2018-10-17 13:13:00,13.566666666666666
2018-10-17 19:03:00,3.95
2018-10-18 00:53:00,2.7666666666666666
2018-10-18 06:43:00,1.6666666666666667
2018-10-18 12:33:00,3.433333333333333
2018-10-18 18:23:00,3.433333333333333
2018-10-19 00:13:00,2.066666666666667
2018-10-19 06:03:00,2.183333333333333
2018-10-19 11:53:00,3.033333333333333
2018-10-19 17:43:00,3.683333333333333
2018-10-19 23:33:00,2.283333333333333
2018-10-20 05:23:00,1.2333333333333334
2018-10-20 11:13:00,2.216666666666667
2018-10-20 17:03:00,2.3
2018-10-20 22:53:00,2.033333333333333
2018-10-21 04:43:00,1.1166666666666667
2018-10-21 10:33:00,2.75
2018-10-21 16:23:00,2.4833333333333334
2018-10-21 22:13:00,2.0
2018-10-22 04:03:00,1.5166666666666666
2018-10-22 09:53:00,3.8
2018-10-22 15:43:00,3.0833333333333335
2018-10-22 21:33:00,2.6666666666666665
2018-10-23 03:23:00,1.9833333333333334
2018-10-23 09:13:00,2.6666666666666665
2018-10-23 15:03:00,3.3
2018-10-23 20:53:00,3.783333333333333
2018-10-24 02:43:00,2.1166666666666667
2018-10-24 08:33:00,3.3
2018-10-24 14:23:00,3.683333333333333
2018-10-24 20:13:00,2.95
2018-10-25 02:03:00,2.6166666666666667
2018-10-25 07:53:00,2.7
2018-10-25 13:43:00,2.966666666666667
2018-10-25 19:33:00,3.2333333333333334
2018-10-26 01:23:00,2.0
2018-10-26 07:13:00,2.9
2018-10-26 13:03:00,3.216666666666667
2018-10-26 18:53:00,4.566666666666666
2018-10-27 00:43:00,2.1666666666666665
2018-10-27 06:33:00,2.3333333333333335
2018-10-27 12:23:00,2.283333333333333
2018-10-27 18:13:00,2.716666666666667
2018-10-28 00:03:00,2.6166666666666667
2018-10-28 05:53:00,1.85
2018-10-28 11:43:00,2.2666666666666666
2018-10-28 17:33:00,2.6
2018-10-28 23:23:00,2.1166666666666667
2018-10-29 05:13:00,1.8666666666666667
2018-10-29 11:03:00,3.2
2018-10-29 16:53:00,3.45
2018-10-29 22:43:00,2.783333333333333
2018-10-30 04:33:00,2.4833333333333334
2018-10-30 10:23:00,2.5833333333333335
2018-10-30 16:13:00,3.566666666666667
2018-10-30 22:03:00,2.5
2018-10-31 03:53:00,2.5166666666666666
2018-10-31 09:43:00,3.3666666666666667
2018-10-31 15:33:00,3.8333333333333335
2018-10-31 21:23:00,3.05
2018-11-01 03:13:00,2.433333333333333
2018-11-01 09:03:00,3.0166666666666666
2018-11-01 14:53:00,3.8
2018-11-01 20:43:00,2.9
2018-11-02 02:33:00,2.8666666666666667
2018-11-02 08:23:00,5.7
2018-11-02 14:13:00,4.55
2018-11-02 20:03:00,3.6
2018-11-03 01:53:00,2.4
2018-11-03 07:43:00,2.8333333333333335
2018-11-03 13:33:00,2.816666666666667
2018-11-03 19:23:00,2.7333333333333334
2018-11-04 01:13:00,2.2
2018-11-04 07:03:00,2.533333333333333
2018-11-04 12:53:00,2.8
2018-11-04 18:43:00,2.95
2018-11-05 00:33:00,2.4
2018-11-05 06:23:00,2.5
2018-11-05 12:13:00,3.1333333333333333
2018-11-05 18:03:00,3.9166666666666665
2018-11-05 23:53:00,2.783333333333333
2018-11-06 05:43:00,2.45
2018-11-06 11:33:00,3.55
2018-11-06 17:23:00,3.4
2018-11-06 23:13:00,3.533333333333333
2018-11-07 05:03:00,2.4833333333333334
2018-11-07 10:53:00,4.233333333333333
2018-11-07 16:43:00,3.15
2018-11-07 22:33:00,2.6666666666666665
2018-11-08 04:23:00,2.1
2018-11-08 10:13:00,2.65
2018-11-08 16:03:00,3.45
2018-11-08 21:53:00,2.75
2018-11-09 03:43:00,2.783333333333333
2018-11-09 09:33:00,3.033333333333333
2018-11-09 15:23:00,3.8
2018-11-09 21:13:00,2.8833333333333333
2018-11-10 03:03:00,3.0166666666666666
2018-11-10 08:53:00,2.65
2018-11-10 14:43:00,2.55
2018-11-10 20:33:00,2.966666666666667
2018-11-11 02:23:00,2.716666666666667
2018-11-11 08:13:00,2.35
2018-11-11 14:03:00,2.8666666666666667
2018-11-11 19:53:00,2.55
2018-11-12 01:43:00,2.3833333333333333
2018-11-12 07:33:00,2.55
2018-11-12 13:23:00,2.933333333333333
2018-11-12 19:13:00,3.4166666666666665
2018-11-13 01:03:00,3.8666666666666667
2018-11-13 06:53:00,3.05
2018-11-13 12:43:00,3.0
2018-11-13 18:33:00,3.433333333333333
2018-11-14 00:23:00,2.3
2018-11-14 06:13:00,3.0833333333333335
2018-11-14 12:03:00,3.2
2018-11-14 17:53:00,3.8
2018-11-14 23:43:00,2.466666666666667
2018-11-15 05:33:00,2.7666666666666666
2018-11-15 11:23:00,3.216666666666667
2018-11-15 17:13:00,4.7
2018-11-15 23:03:00,2.783333333333333
2018-11-16 04:53:00,2.4833333333333334
2018-11-16 10:43:00,3.1666666666666665
2018-11-16 16:33:00,3.5
2018-11-16 22:23:00,2.6666666666666665
2018-11-17 04:13:00,2.466666666666667
2018-11-17 10:03:00,4.05
2018-11-17 15:53:00,3.0
2018-11-17 21:43:00,2.1
2018-11-18 03:33:00,2.0166666666666666
2018-11-18 09:23:00,2.2666666666666666
2018-11-18 15:13:00,3.15
2018-11-18 21:03:00,2.4
2018-11-19 02:53:00,4.016666666666667
2018-11-19 08:43:00,3.45
2018-11-19 14:33:00,2.4
2018-11-19 20:23:00,4.183333333333334
2018-11-20 02:13:00,2.783333333333333
2018-11-20 08:03:00,2.8833333333333333
2018-11-20 13:53:00,3.5833333333333335
2018-11-20 19:43:00,3.35
2018-11-21 01:33:00,2.3833333333333333
2018-11-21 07:23:00,2.683333333333333
2018-11-21 13:13:00,3.25
2018-11-21 19:03:00,2.2333333333333334
2018-11-22 00:53:00,1.8833333333333333
2018-11-22 06:43:00,2.466666666666667
2018-11-22 12:33:00,3.8666666666666667
2018-11-22 18:23:00,2.466666666666667
2018-11-23 00:13:00,2.783333333333333
2018-11-23 06:03:00,5.116666666666666
2018-11-23 11:53:00,3.033333333333333
2018-11-23 17:43:00,3.1666666666666665
2018-11-23 23:33:00,3.0833333333333335
2018-11-24 05:23:00,3.75
2018-11-24 11:13:00,2.716666666666667
2018-11-24 17:03:00,2.7666666666666666
2018-11-24 22:53:00,2.6333333333333333
2018-11-25 04:43:00,2.2333333333333334
2018-11-25 10:33:00,3.283333333333333
2018-11-25 16:23:00,1.6833333333333333
2018-11-25 22:13:00,2.85
2018-11-26 04:03:00,2.15
2018-11-26 09:53:00,2.433333333333333
2018-11-26 15:43:00,3.433333333333333
2018-11-26 21:33:00,3.0
2018-11-27 03:23:00,3.716666666666667
2018-11-27 09:13:00,2.5
2018-11-27 15:03:00,4.733333333333333
2018-11-27 20:53:00,3.4833333333333334
2018-11-28 02:43:00,1.8
2018-11-28 08:33:00,2.75
2018-11-28 14:23:00,0.7833333333333333
2018-11-28 20:13:00,4.183333333333334
2018-11-29 02:03:00,2.033333333333333
2018-11-29 07:53:00,2.1666666666666665
2018-11-29 13:43:00,2.033333333333333
2018-11-29 19:33:00,3.0166666666666666
2018-11-30 01:23:00,3.066666666666667
2018-11-30 07:13:00,2.6166666666666667
2018-11-30 13:03:00,3.0166666666666666
2018-11-30 18:53:00,3.216666666666667
2018-12-01 00:43:00,1.75
2018-12-01 06:33:00,2.3
2018-12-01 12:23:00,3.25
2018-12-01 18:13:00,3.8
2018-12-02 00:03:00,2.3333333333333335
2018-12-02 05:53:00,1.4666666666666666
2018-12-02 11:43:00,1.45
2018-12-02 17:33:00,1.7833333333333334
2018-12-02 23:23:00,2.533333333333333
2018-12-03 05:13:00,3.0166666666666666
2018-12-03 11:03:00,2.7666666666666666
2018-12-03 16:53:00,2.5
2018-12-03 22:43:00,3.9166666666666665
2018-12-04 04:33:00,3.033333333333333
2018-12-04 10:23:00,2.566666666666667
2018-12-04 16:13:00,2.6166666666666667
2018-12-04 22:03:00,3.3666666666666667
2018-12-05 03:53:00,2.183333333333333
2018-12-05 09:43:00,2.6
2018-12-05 15:33:00,3.35
2018-12-05 21:23:00,2.9
2018-12-06 03:13:00,2.25
2018-12-06 09:03:00,2.9166666666666665
2018-12-06 14:53:00,3.65
2018-12-06 20:43:00,2.716666666666667
2018-12-07 02:33:00,2.7
2018-12-07 08:23:00,2.316666666666667
2018-12-07 14:13:00,2.9833333333333334
2018-12-07 20:03:00,2.933333333333333
2018-12-08 01:53:00,1.8333333333333333
2018-12-08 07:43:00,1.3833333333333333
2018-12-08 13:33:00,2.0833333333333335
2018-12-08 19:23:00,3.85
2018-12-09 01:13:00,2.033333333333333
2018-12-09 07:03:00,2.5
2018-12-09 12:53:00,4.083333333333333
2018-12-09 18:43:00,2.7666666666666666
2018-12-10 00:33:00,1.9166666666666667
2018-12-10 06:23:00,2.533333333333333
2018-12-10 12:13:00,2.6
2018-12-10 18:03:00,3.4
2018-12-10 23:53:00,2.6166666666666667
2018-12-11 05:43:00,2.1
2018-12-11 11:33:00,2.316666666666667
2018-12-11 17:23:00,3.216666666666667
2018-12-11 23:13:00,2.5
2018-12-12 05:03:00,2.25
2018-12-12 10:53:00,2.4166666666666665
2018-12-12 16:43:00,2.8666666666666667
2018-12-12 22:33:00,3.05
2018-12-13 04:23:00,2.566666666666667
2018-12-13 10:13:00,3.066666666666667
2018-12-13 16:03:00,3.3666666666666667
2018-12-13 21:53:00,4.7
2018-12-14 03:43:00,2.9833333333333334
2018-12-14 09:33:00,2.933333333333333
2018-12-14 15:23:00,2.5166666666666666
2018-12-14 21:13:00,4.1
2018-12-15 03:03:00,3.6666666666666665
2018-12-15 08:53:00,1.75
2018-12-15 14:43:00,2.7
2018-12-15 20:33:00,2.716666666666667
2018-12-16 02:23:00,2.2333333333333334
2018-12-16 08:13:00,2.2666666666666666
2018-12-16 14:03:00,2.7666666666666666
2018-12-16 19:53:00,2.8333333333333335
2018-12-17 01:43:00,3.0166666666666666
2018-12-17 07:33:00,2.2333333333333334
2018-12-17 13:23:00,3.6333333333333333
2018-12-17 19:13:00,5.133333333333334
2018-12-18 01:03:00,3.8333333333333335
2018-12-18 06:53:00,2.0166666666666666
2018-12-18 12:43:00,2.566666666666667
2018-12-18 18:33:00,2.95
2018-12-19 00:23:00,2.1333333333333333
2018-12-19 06:13:00,2.933333333333333
2018-12-19 12:03:00,3.2666666666666666
2018-12-19 17:53:00,3.05
2018-12-19 23:43:00,2.8666666666666667
2018-12-20 05:33:00,2.6333333333333333
2018-12-20 11:23:00,3.7333333333333334
2018-12-20 17:13:00,3.3333333333333335
2018-12-20 23:03:00,2.3666666666666667
2018-12-21 04:53:00,2.6666666666666665
2018-12-21 10:43:00,4.283333333333333
2018-12-21 16:33:00,3.65
2018-12-21 22:23:00,3.5
2018-12-22 04:13:00,2.2666666666666666
2018-12-22 10:03:00,3.4166666666666665
2018-12-22 15:53:00,2.933333333333333
2018-12-22 21:43:00,4.316666666666666
2018-12-23 03:33:00,1.7
2018-12-23 09:23:00,2.1
2018-12-23 15:13:00,2.5833333333333335
2018-12-23 21:03:00,2.283333333333333
2018-12-24 02:53:00,2.3666666666666667
2018-12-24 08:43:00,2.8666666666666667
2018-12-24 14:33:00,2.8
2018-12-24 20:23:00,2.2333333333333334
2018-12-25 02:13:00,5.183333333333334
2018-12-25 08:03:00,2.9833333333333334
2018-12-25 13:53:00,1.9333333333333333
2018-12-25 19:43:00,2.716666666666667
2018-12-26 01:33:00,2.1666666666666665
2018-12-26 07:23:00,3.25
2018-12-26 13:13:00,3.0833333333333335
2018-12-26 19:03:00,2.433333333333333
2018-12-27 00:53:00,3.316666666666667
2018-12-27 06:43:00,2.716666666666667
2018-12-27 12:33:00,2.8666666666666667
2018-12-27 18:23:00,3.6666666666666665
2018-12-28 00:13:00,1.7166666666666666
2018-12-28 06:03:00,3.283333333333333
2018-12-28 11:53:00,2.0833333333333335
2018-12-28 17:43:00,3.2
2018-12-28 23:33:00,2.533333333333333
2018-12-29 05:23:00,3.533333333333333
2018-12-29 11:13:00,2.1666666666666665
2018-12-29 17:03:00,4.516666666666667
2018-12-29 22:53:00,2.1
2018-12-30 04:43:00,2.2333333333333334
2018-12-30 10:33:00,3.15
2018-12-30 16:23:00,2.35
2018-12-30 22:13:00,3.4833333333333334
2018-12-31 04:03:00,2.5833333333333335
2018-12-31 09:53:00,2.816666666666667
2018-12-31 15:43:00,2.966666666666667
2018-12-31 21:33:00,2.4
2019-01-01 03:23:00,2.5
2019-01-01 09:13:00,1.9833333333333334
2019-01-01 15:03:00,3.15
2019-01-01 20:53:00,2.9
2019-01-02 02:43:00,2.966666666666667
2019-01-02 08:33:00,2.783333333333333
2019-01-02 14:23:00,1.9333333333333333
2019-01-02 20:13:00,4.583333333333333
2019-01-03 02:03:00,3.316666666666667
2019-01-03 07:53:00,4.05
2019-01-03 13:43:00,2.7666666666666666
2019-01-03 19:33:00,4.666666666666667
2019-01-04 01:23:00,2.05
2019-01-04 07:13:00,2.2
2019-01-04 13:03:00,2.6666666666666665
2019-01-04 18:53:00,3.3666666666666667
2019-01-05 00:43:00,2.783333333333333
2019-01-05 06:33:00,2.3333333333333335
2019-01-05 12:23:00,2.283333333333333
2019-01-05 18:13:00,3.1333333333333333
2019-01-06 00:03:00,1.55
2019-01-06 05:53:00,3.05
2019-01-06 11:43:00,2.533333333333333
2019-01-06 17:33:00,3.7
2019-01-06 23:23:00,2.7
2019-01-07 05:13:00,2.35
2019-01-07 11:03:00,3.7333333333333334
2019-01-07 16:53:00,4.166666666666667
2019-01-07 22:43:00,2.066666666666667
2019-01-08 04:33:00,3.4
2019-01-08 10:23:00,3.55
2019-01-08 16:13:00,4.5
2019-01-08 22:03:00,3.7
2019-01-09 03:53:00,2.3333333333333335
2019-01-09 09:43:00,2.05
2019-01-09 15:33:00,3.0833333333333335
2019-01-09 21:23:00,2.8666666666666667
2019-01-10 03:13:00,5.25
2019-01-10 09:03:00,3.5833333333333335
2019-01-10 14:53:00,4.266666666666667
2019-01-10 20:43:00,4.05
2019-01-11 02:33:00,3.5
2019-01-11 08:23:00,4.183333333333334
2019-01-11 14:13:00,3.216666666666667
2019-01-11 20:03:00,2.933333333333333
2019-01-12 01:53:00,2.6
2019-01-12 07:43:00,3.65
2019-01-12 13:33:00,2.95
2019-01-12 19:23:00,3.066666666666667
2019-01-13 01:13:00,3.7
2019-01-13 07:03:00,1.8666666666666667
2019-01-13 12:53:00,2.683333333333333
2019-01-13 18:43:00,2.9
2019-01-14 00:33:00,4.05
2019-01-14 06:23:00,2.95
2019-01-14 12:13:00,2.966666666666667
2019-01-14 18:03:00,4.35
2019-01-14 23:53:00,4.116666666666666
2019-01-15 05:43:00,3.933333333333333
2019-01-15 11:33:00,2.816666666666667
2019-01-15 17:23:00,3.5
2019-01-15 23:13:00,2.7
2019-01-16 05:03:00,1.9333333333333333
2019-01-16 10:53:00,3.3833333333333333
2019-01-16 16:43:00,3.3333333333333335
2019-01-16 22:33:00,2.7
2019-01-17 04:23:00,2.283333333333333
2019-01-17 10:13:00,4.65
2019-01-17 16:03:00,3.75
2019-01-17 21:53:00,3.1333333333333333
2019-01-18 03:43:00,1.9166666666666667
2019-01-18 09:33:00,3.0833333333333335
2019-01-18 15:23:00,3.1
2019-01-18 21:13:00,2.783333333333333
2019-01-19 03:03:00,3.216666666666667
2019-01-19 08:53:00,2.783333333333333
2019-01-19 14:43:00,3.566666666666667
2019-01-19 20:33:00,2.966666666666667
2019-01-20 02:23:00,4.933333333333334
2019-01-20 08:13:00,2.4166666666666665
2019-01-20 14:03:00,3.783333333333333
2019-01-20 19:53:00,4.383333333333334
2019-01-21 01:43:00,6.333333333333333
2019-01-21 07:33:00,2.0166666666666666
2019-01-21 13:23:00,8.983333333333333
2019-01-21 19:13:00,10.533333333333333
2019-01-22 01:03:00,3.716666666666667
2019-01-22 06:53:00,2.1333333333333333
2019-01-22 12:43:00,3.8
2019-01-22 18:33:00,3.6
2019-01-23 00:23:00,3.1333333333333333
2019-01-23 06:13:00,2.1166666666666667
2019-01-23 12:03:00,3.283333333333333
2019-01-23 17:53:00,3.75
2019-01-23 23:43:00,3.566666666666667
2019-01-24 05:33:00,2.8666666666666667
2019-01-24 11:23:00,3.566666666666667
2019-01-24 17:13:00,3.1666666666666665
2019-01-24 23:03:00,4.583333333333333
2019-01-25 04:53:00,2.4833333333333334
2019-01-25 10:43:00,3.033333333333333
2019-01-25 16:33:00,4.333333333333333
2019-01-25 22:23:00,3.2666666666666666
2019-01-26 04:13:00,2.683333333333333
2019-01-26 10:03:00,3.9166666666666665
2019-01-26 15:53:00,3.8333333333333335
2019-01-26 21:43:00,4.516666666666667
2019-01-27 03:33:00,1.9666666666666666
2019-01-27 09:23:00,4.933333333333334
2019-01-27 15:13:00,2.2333333333333334
2019-01-27 21:03:00,2.9833333333333334
2019-01-28 02:53:00,1.9333333333333333
2019-01-28 08:43:00,2.9166666666666665
2019-01-28 14:33:00,4.75
2019-01-28 20:23:00,3.5166666666666666
2019-01-29 02:13:00,1.9
2019-01-29 08:03:00,4.266666666666667
2019-01-29 13:53:00,3.216666666666667
2019-01-29 19:43:00,2.816666666666667
2019-01-30 01:33:00,4.166666666666667
2019-01-30 07:23:00,3.1666666666666665
2019-01-30 13:13:00,7.85
2019-01-30 19:03:00,2.933333333333333
2019-01-31 00:53:00,3.05
2019-01-31 06:43:00,6.15
2019-01-31 12:33:00,4.45
2019-01-31 20:20:00,0.6666666666666666
2019-02-01 02:10:00,2.4166666666666665
2019-02-01 08:00:00,5.35
2019-02-01 13:50:00,4.1
2019-02-01 19:40:00,4.95
2019-02-02 01:30:00,7.383333333333334
2019-02-02 07:20:00,2.066666666666667
2019-02-02 13:10:00,2.15
2019-02-02 19:00:00,3.85
2019-02-03 00:50:00,3.55
2019-02-03 06:40:00,2.2666666666666666
2019-02-03 12:30:00,2.316666666666667
2019-02-03 18:20:00,2.65
2019-02-04 00:10:00,2.6166666666666667
2019-02-04 06:00:00,5.516666666666667
2019-02-04 11:50:00,7.566666666666666
2019-02-04 17:40:00,4.45
2019-02-04 23:30:00,3.683333333333333
2019-02-05 05:20:00,2.4166666666666665
2019-02-05 11:10:00,5.75
2019-02-05 17:00:00,4.133333333333334
2019-02-05 22:50:00,4.816666666666666
2019-02-06 04:40:00,4.816666666666666
2019-02-06 10:30:00,4.766666666666667
2019-02-06 16:20:00,4.183333333333334
2019-02-06 22:10:00,3.1
2019-02-07 04:00:00,5.716666666666667
2019-02-07 09:50:00,4.883333333333334
2019-02-07 15:40:00,3.35
2019-02-07 21:30:00,4.183333333333334
2019-02-08 03:20:00,8.9
2019-02-08 09:10:00,4.916666666666667
2019-02-08 15:00:00,4.166666666666667
2019-02-08 20:50:00,3.6
2019-02-09 02:40:00,2.1333333333333333
2019-02-09 08:30:00,4.2
2019-02-09 14:20:00,2.7333333333333334
2019-02-09 20:10:00,3.0833333333333335
2019-02-10 02:00:00,2.5833333333333335
2019-02-10 07:50:00,2.8333333333333335
2019-02-10 13:40:00,3.2666666666666666
2019-02-10 19:30:00,2.8666666666666667
2019-02-11 01:20:00,2.6166666666666667
2019-02-11 07:10:00,3.066666666666667
